CURSE_WORDS,Category
69,Sexual Anatomy/Sexual Acts
@55,Sexual Anatomy/Sexual Acts
@ssfcker,Sexual Anatomy/Sexual Acts
@ssfucker,Sexual Anatomy/Sexual Acts
@ssfvcker,Sexual Anatomy/Sexual Acts
@sshole,Sexual Anatomy/Sexual Acts
0ral seks,Sexual Anatomy/Sexual Acts
0ral sex,Sexual Anatomy/Sexual Acts
0rg@sm,Sexual Anatomy/Sexual Acts
0rgasms,Sexual Anatomy/Sexual Acts
3jakulating,Sexual Anatomy/Sexual Acts
4r5e,Sexual Anatomy/Sexual Acts
4r5ed,Sexual Anatomy/Sexual Acts
4r5es,Sexual Anatomy/Sexual Acts
4skin,Sexual Anatomy/Sexual Acts
a_s_s,Sexual Anatomy/Sexual Acts
anal,Sexual Anatomy/Sexual Acts
anal hole,Sexual Anatomy/Sexual Acts
anal hore,Sexual Anatomy/Sexual Acts
anal pirate,Sexual Anatomy/Sexual Acts
analingus,Sexual Anatomy/Sexual Acts
analplug,Sexual Anatomy/Sexual Acts
analplugs,Sexual Anatomy/Sexual Acts
anilingus,Sexual Anatomy/Sexual Acts
animal fucker,Sexual Anatomy/Sexual Acts
anus,Sexual Anatomy/Sexual Acts
anus plug,Sexual Anatomy/Sexual Acts
arse-bandit,Sexual Anatomy/Sexual Acts
arse-bandits,Sexual Anatomy/Sexual Acts
ar5e,Sexual Anatomy/Sexual Acts
ar5ehole,Sexual Anatomy/Sexual Acts
arse,Sexual Anatomy/Sexual Acts
arse gobbler,Sexual Anatomy/Sexual Acts
arse hole,Sexual Anatomy/Sexual Acts
arse-fucker,Sexual Anatomy/Sexual Acts
arse-fuckers,Sexual Anatomy/Sexual Acts
arse-hole,Sexual Anatomy/Sexual Acts
arse-shagger,Sexual Anatomy/Sexual Acts
arsefuck,Sexual Anatomy/Sexual Acts
arsefucker,Sexual Anatomy/Sexual Acts
arsehole,Sexual Anatomy/Sexual Acts
arseshit,Sexual Anatomy/Sexual Acts
arsewipe,Sexual Anatomy/Sexual Acts
ashole,Sexual Anatomy/Sexual Acts
ass,Sexual Anatomy/Sexual Acts
ass bandit,Sexual Anatomy/Sexual Acts
ass eating boiolas,Sexual Anatomy/Sexual Acts
ass eating nob jokeys,Sexual Anatomy/Sexual Acts
ass fecker,Sexual Anatomy/Sexual Acts
ass fuck,Sexual Anatomy/Sexual Acts
ass fucker,Sexual Anatomy/Sexual Acts
ass fucking boiolas,Sexual Anatomy/Sexual Acts
ass fucking nob jokeys,Sexual Anatomy/Sexual Acts
ass hole,Sexual Anatomy/Sexual Acts
ass kisser,Sexual Anatomy/Sexual Acts
ass licking,Sexual Anatomy/Sexual Acts
ass muncher,Sexual Anatomy/Sexual Acts
ass-bandit,Sexual Anatomy/Sexual Acts
ass-fucker,Sexual Anatomy/Sexual Acts
ass-fuckers,Sexual Anatomy/Sexual Acts
ass-hole,Sexual Anatomy/Sexual Acts
asses,Sexual Anatomy/Sexual Acts
assface,Sexual Anatomy/Sexual Acts
assfck,Sexual Anatomy/Sexual Acts
assfcker,Sexual Anatomy/Sexual Acts
assfk,Sexual Anatomy/Sexual Acts
assfkcer,Sexual Anatomy/Sexual Acts
assfker,Sexual Anatomy/Sexual Acts
assfkr,Sexual Anatomy/Sexual Acts
assfook,Sexual Anatomy/Sexual Acts
assfuccer,Sexual Anatomy/Sexual Acts
assfuck,Sexual Anatomy/Sexual Acts
assfuck3r,Sexual Anatomy/Sexual Acts
assfucker,Sexual Anatomy/Sexual Acts
assfuckers,Sexual Anatomy/Sexual Acts
assfuckerz,Sexual Anatomy/Sexual Acts
assfukah,Sexual Anatomy/Sexual Acts
assfukka,Sexual Anatomy/Sexual Acts
assfukker,Sexual Anatomy/Sexual Acts
assfukkerz,Sexual Anatomy/Sexual Acts
assfvck3r,Sexual Anatomy/Sexual Acts
assfvcker,Sexual Anatomy/Sexual Acts
asshat,Sexual Anatomy/Sexual Acts
asshol3,Sexual Anatomy/Sexual Acts
asshole,Sexual Anatomy/Sexual Acts
asshole fucker,Sexual Anatomy/Sexual Acts
assholes,Sexual Anatomy/Sexual Acts
assmunch,Sexual Anatomy/Sexual Acts
assmuncher,Sexual Anatomy/Sexual Acts
asswhole,Sexual Anatomy/Sexual Acts
asswipe,Sexual Anatomy/Sexual Acts
azz,Sexual Anatomy/Sexual Acts
azzhole,Sexual Anatomy/Sexual Acts
b00bz,Sexual Anatomy/Sexual Acts
b0llock,Sexual Anatomy/Sexual Acts
b0llocks,Sexual Anatomy/Sexual Acts
ballbag,Sexual Anatomy/Sexual Acts
bangbros,Sexual Anatomy/Sexual Acts
bater,Sexual Anatomy/Sexual Acts
bates,Sexual Anatomy/Sexual Acts
bbc,Sexual Anatomy/Sexual Acts
beat my meat,Sexual Anatomy/Sexual Acts
beat off,Sexual Anatomy/Sexual Acts
beat the meat,Sexual Anatomy/Sexual Acts
beat your meat,Sexual Anatomy/Sexual Acts
bell end,Sexual Anatomy/Sexual Acts
bellend,Sexual Anatomy/Sexual Acts
bewbs,Sexual Anatomy/Sexual Acts
BJ,Sexual Anatomy/Sexual Acts
blow a load,Sexual Anatomy/Sexual Acts
blow job,Sexual Anatomy/Sexual Acts
blowjob,Sexual Anatomy/Sexual Acts
blumpkin boy,Sexual Anatomy/Sexual Acts
boll0ck,Sexual Anatomy/Sexual Acts
bollock,Sexual Anatomy/Sexual Acts
bollockchops,Sexual Anatomy/Sexual Acts
bollocks,Sexual Anatomy/Sexual Acts
bollocktician,Sexual Anatomy/Sexual Acts
bollox,Sexual Anatomy/Sexual Acts
bondage,Sexual Anatomy/Sexual Acts
boner,Sexual Anatomy/Sexual Acts
boobs,Sexual Anatomy/Sexual Acts
booty,Sexual Anatomy/Sexual Acts
breasticles,Sexual Anatomy/Sexual Acts
breasts,Sexual Anatomy/Sexual Acts
bumhole,Sexual Anatomy/Sexual Acts
bung hole,Sexual Anatomy/Sexual Acts
bum-bandits,Sexual Anatomy/Sexual Acts
bum-driller,Sexual Anatomy/Sexual Acts
butt fuck,Sexual Anatomy/Sexual Acts
butt fucker,Sexual Anatomy/Sexual Acts
butt hole,Sexual Anatomy/Sexual Acts
butt pirate,Sexual Anatomy/Sexual Acts
butt-fucker,Sexual Anatomy/Sexual Acts
butt-fuckers,Sexual Anatomy/Sexual Acts
butt-fucking-bandit,Sexual Anatomy/Sexual Acts
butt-munchers,Sexual Anatomy/Sexual Acts
buttfuck,Sexual Anatomy/Sexual Acts
buttfucker,Sexual Anatomy/Sexual Acts
buttfuckers,Sexual Anatomy/Sexual Acts
butthole,Sexual Anatomy/Sexual Acts
butthole boy,Sexual Anatomy/Sexual Acts
bwc,Sexual Anatomy/Sexual Acts
c*nt,Sexual Anatomy/Sexual Acts
c*ntface,Sexual Anatomy/Sexual Acts
c*nts,Sexual Anatomy/Sexual Acts
c*nty,Sexual Anatomy/Sexual Acts
c0ck,Sexual Anatomy/Sexual Acts
c0ckhead,Sexual Anatomy/Sexual Acts
c0cks,Sexual Anatomy/Sexual Acts
c0cksuccer,Sexual Anatomy/Sexual Acts
c0cksucked,Sexual Anatomy/Sexual Acts
c0cksucker,Sexual Anatomy/Sexual Acts
c0cksuckers,Sexual Anatomy/Sexual Acts
c0x,Sexual Anatomy/Sexual Acts
c0xux0r,Sexual Anatomy/Sexual Acts
caaak,Sexual Anatomy/Sexual Acts
cack,Sexual Anatomy/Sexual Acts
cagone,Sexual Anatomy/Sexual Acts
cajones,Sexual Anatomy/Sexual Acts
cameltoe,Sexual Anatomy/Sexual Acts
carpet muncher,Sexual Anatomy/Sexual Acts
carpetmuncher,Sexual Anatomy/Sexual Acts
carpetmunchers,Sexual Anatomy/Sexual Acts
carpetmunching,Sexual Anatomy/Sexual Acts
cawk,Sexual Anatomy/Sexual Acts
cawk muncher,Sexual Anatomy/Sexual Acts
cawkmuncher,Sexual Anatomy/Sexual Acts
cawks,Sexual Anatomy/Sexual Acts
cawksucker,Sexual Anatomy/Sexual Acts
chesticles,Sexual Anatomy/Sexual Acts
chocha,Sexual Anatomy/Sexual Acts
choke the chicken,Sexual Anatomy/Sexual Acts
clitlickers,Sexual Anatomy/Sexual Acts
clusterfuck,Sexual Anatomy/Sexual Acts
clusterfucked,Sexual Anatomy/Sexual Acts
clusterfucker,Sexual Anatomy/Sexual Acts
clusterfucking,Sexual Anatomy/Sexual Acts
clusterfucks,Sexual Anatomy/Sexual Acts
cobb knobbler,Sexual Anatomy/Sexual Acts
cock,Sexual Anatomy/Sexual Acts
cock head,Sexual Anatomy/Sexual Acts
cock jockey,Sexual Anatomy/Sexual Acts
cock knocker,Sexual Anatomy/Sexual Acts
cock licker,Sexual Anatomy/Sexual Acts
cock munch,Sexual Anatomy/Sexual Acts
cock rider,Sexual Anatomy/Sexual Acts
cock smoker,Sexual Anatomy/Sexual Acts
cock snot,Sexual Anatomy/Sexual Acts
cock suck,Sexual Anatomy/Sexual Acts
cock sucker,Sexual Anatomy/Sexual Acts
cock sucking,Sexual Anatomy/Sexual Acts
cock sucking boiolas,Sexual Anatomy/Sexual Acts
cock sucking nob jokeys,Sexual Anatomy/Sexual Acts
cock tease,Sexual Anatomy/Sexual Acts
cock-face,Sexual Anatomy/Sexual Acts
cock-gobbler,Sexual Anatomy/Sexual Acts
cock-head,Sexual Anatomy/Sexual Acts
cock-sucker,Sexual Anatomy/Sexual Acts
cock-suckers,Sexual Anatomy/Sexual Acts
cockboy,Sexual Anatomy/Sexual Acts
cockeater,Sexual Anatomy/Sexual Acts
cockface,Sexual Anatomy/Sexual Acts
cockgobbler,Sexual Anatomy/Sexual Acts
cockh3ad,Sexual Anatomy/Sexual Acts
cockhead,Sexual Anatomy/Sexual Acts
cockheads,Sexual Anatomy/Sexual Acts
cockhed,Sexual Anatomy/Sexual Acts
cockless,Sexual Anatomy/Sexual Acts
cocklicker,Sexual Anatomy/Sexual Acts
cockmonger,Sexual Anatomy/Sexual Acts
cockmunch,Sexual Anatomy/Sexual Acts
cockmuncher,Sexual Anatomy/Sexual Acts
cocks,Sexual Anatomy/Sexual Acts
cockshit,Sexual Anatomy/Sexual Acts
cockskin,Sexual Anatomy/Sexual Acts
cocksmoker,Sexual Anatomy/Sexual Acts
cocksucc,Sexual Anatomy/Sexual Acts
cocksuccas,Sexual Anatomy/Sexual Acts
cocksuccer,Sexual Anatomy/Sexual Acts
cocksuccers,Sexual Anatomy/Sexual Acts
cocksuck,Sexual Anatomy/Sexual Acts
cocksuckas,Sexual Anatomy/Sexual Acts
cocksucked,Sexual Anatomy/Sexual Acts
cocksucker,Sexual Anatomy/Sexual Acts
cocksuckers,Sexual Anatomy/Sexual Acts
cocksucking,Sexual Anatomy/Sexual Acts
cocksucking mothafuckers,Sexual Anatomy/Sexual Acts
cocksucks,Sexual Anatomy/Sexual Acts
cocksuk,Sexual Anatomy/Sexual Acts
cocksuka,Sexual Anatomy/Sexual Acts
cocksukka,Sexual Anatomy/Sexual Acts
cocsuck,Sexual Anatomy/Sexual Acts
cokmuncher,Sexual Anatomy/Sexual Acts
coksucka,Sexual Anatomy/Sexual Acts
coot,Sexual Anatomy/Sexual Acts
coot coot,Sexual Anatomy/Sexual Acts
cooter,Sexual Anatomy/Sexual Acts
cooter shooting,Sexual Anatomy/Sexual Acts
cooterpuffing,Sexual Anatomy/Sexual Acts
crazy mofos,Sexual Anatomy/Sexual Acts
creampie,Sexual Anatomy/Sexual Acts
crotch,Sexual Anatomy/Sexual Acts
crotch fiddler,Sexual Anatomy/Sexual Acts
crotchy,Sexual Anatomy/Sexual Acts
cuksuker,Sexual Anatomy/Sexual Acts
cuksukka,Sexual Anatomy/Sexual Acts
cunnilingus,Sexual Anatomy/Sexual Acts
cunt,Sexual Anatomy/Sexual Acts
cunt ass,Sexual Anatomy/Sexual Acts
cunt fart,Sexual Anatomy/Sexual Acts
cunt lick,Sexual Anatomy/Sexual Acts
cunt licker,Sexual Anatomy/Sexual Acts
cunt lips,Sexual Anatomy/Sexual Acts
cuntasaurus rex,Sexual Anatomy/Sexual Acts
cuntbag,Sexual Anatomy/Sexual Acts
cuntbollock,Sexual Anatomy/Sexual Acts
cuntelope,Sexual Anatomy/Sexual Acts
cuntits,Sexual Anatomy/Sexual Acts
cuntless,Sexual Anatomy/Sexual Acts
cuntlick,Sexual Anatomy/Sexual Acts
cuntlicker,Sexual Anatomy/Sexual Acts
cuntlickers,Sexual Anatomy/Sexual Acts
cuntness,Sexual Anatomy/Sexual Acts
cunts,Sexual Anatomy/Sexual Acts
cunty,Sexual Anatomy/Sexual Acts
cuntz,Sexual Anatomy/Sexual Acts
cuunt,Sexual Anatomy/Sexual Acts
cyberfck,Sexual Anatomy/Sexual Acts
cyberfcks,Sexual Anatomy/Sexual Acts
cyberfuccs,Sexual Anatomy/Sexual Acts
cyberfucks,Sexual Anatomy/Sexual Acts
cyberfucs,Sexual Anatomy/Sexual Acts
cyberfukk,Sexual Anatomy/Sexual Acts
cyberfukks,Sexual Anatomy/Sexual Acts
cyberfvcks,Sexual Anatomy/Sexual Acts
d!ck,Sexual Anatomy/Sexual Acts
d!cks,Sexual Anatomy/Sexual Acts
d!ld0,Sexual Anatomy/Sexual Acts
d!ldo,Sexual Anatomy/Sexual Acts
d0ggy style,Sexual Anatomy/Sexual Acts
d1ck,Sexual Anatomy/Sexual Acts
d1ckhead,Sexual Anatomy/Sexual Acts
d1ckheads,Sexual Anatomy/Sexual Acts
d1cks,Sexual Anatomy/Sexual Acts
d1cksucker,Sexual Anatomy/Sexual Acts
d1cksukka,Sexual Anatomy/Sexual Acts
d1ckz,Sexual Anatomy/Sexual Acts
d1ldo,Sexual Anatomy/Sexual Acts
dafuq,Sexual Anatomy/Sexual Acts
dick breath,Sexual Anatomy/Sexual Acts
dick face,Sexual Anatomy/Sexual Acts
dick fucker,Sexual Anatomy/Sexual Acts
dick head,Sexual Anatomy/Sexual Acts
dick licker,Sexual Anatomy/Sexual Acts
dick milker,Sexual Anatomy/Sexual Acts
dick nibbler,Sexual Anatomy/Sexual Acts
dick smoker,Sexual Anatomy/Sexual Acts
dick sucker,Sexual Anatomy/Sexual Acts
dick-face,Sexual Anatomy/Sexual Acts
dick-gobbler,Sexual Anatomy/Sexual Acts
dick-head,Sexual Anatomy/Sexual Acts
dickface,Sexual Anatomy/Sexual Acts
dickfucker,Sexual Anatomy/Sexual Acts
dickhead,Sexual Anatomy/Sexual Acts
dickheads,Sexual Anatomy/Sexual Acts
dickjockies,Sexual Anatomy/Sexual Acts
dickless,Sexual Anatomy/Sexual Acts
dicklicker,Sexual Anatomy/Sexual Acts
dickmuncher,Sexual Anatomy/Sexual Acts
dicks,Sexual Anatomy/Sexual Acts
dickskin,Sexual Anatomy/Sexual Acts
dickslapper,Sexual Anatomy/Sexual Acts
dicksmoker,Sexual Anatomy/Sexual Acts
dicksucker,Sexual Anatomy/Sexual Acts
dickvag,Sexual Anatomy/Sexual Acts
dickz,Sexual Anatomy/Sexual Acts
diddle,Sexual Anatomy/Sexual Acts
dikhead,Sexual Anatomy/Sexual Acts
diks,Sexual Anatomy/Sexual Acts
dild0,Sexual Anatomy/Sexual Acts
dirty sanchez,Sexual Anatomy/Sexual Acts
dix,Sexual Anatomy/Sexual Acts
dlck,Sexual Anatomy/Sexual Acts
dlcks,Sexual Anatomy/Sexual Acts
dog fuck,Sexual Anatomy/Sexual Acts
dog fucker,Sexual Anatomy/Sexual Acts
dog fucking,Sexual Anatomy/Sexual Acts
dog-fucker,Sexual Anatomy/Sexual Acts
dogs bollocks,Sexual Anatomy/Sexual Acts
doggo style,Sexual Anatomy/Sexual Acts
doggy style,Sexual Anatomy/Sexual Acts
doggy_style,Sexual Anatomy/Sexual Acts
dogie style,Sexual Anatomy/Sexual Acts
dogstyle,Sexual Anatomy/Sexual Acts
dong,Sexual Anatomy/Sexual Acts
double dick,Sexual Anatomy/Sexual Acts
double dicking,Sexual Anatomy/Sexual Acts
double pen,Sexual Anatomy/Sexual Acts
double-dong,Sexual Anatomy/Sexual Acts
dumasses,Sexual Anatomy/Sexual Acts
dumb fucker,Sexual Anatomy/Sexual Acts
dumb@ss,Sexual Anatomy/Sexual Acts
dumbarrassed,Sexual Anatomy/Sexual Acts
dumbass,Sexual Anatomy/Sexual Acts
dumbass fucker,Sexual Anatomy/Sexual Acts
dumbass mofoes,Sexual Anatomy/Sexual Acts
dumbass mothafuckers,Sexual Anatomy/Sexual Acts
dumbass son-of-a-bitch,Sexual Anatomy/Sexual Acts
dumbasses,Sexual Anatomy/Sexual Acts
dumbfucks,Sexual Anatomy/Sexual Acts
f_u_c_k,Sexual Anatomy/Sexual Acts
f'ed,Sexual Anatomy/Sexual Acts
f'er,Sexual Anatomy/Sexual Acts
f@ck,Sexual Anatomy/Sexual Acts
f@cker bunny,Sexual Anatomy/Sexual Acts
f@k,Sexual Anatomy/Sexual Acts
f0ck,Sexual Anatomy/Sexual Acts
f0cked,Sexual Anatomy/Sexual Acts
f0cker,Sexual Anatomy/Sexual Acts
f0ckers,Sexual Anatomy/Sexual Acts
face fuck,Sexual Anatomy/Sexual Acts
fack,Sexual Anatomy/Sexual Acts
fackuhs,Sexual Anatomy/Sexual Acts
fart-fucker,Sexual Anatomy/Sexual Acts
fatass,Sexual Anatomy/Sexual Acts
fatasses,Sexual Anatomy/Sexual Acts
fccuker,Sexual Anatomy/Sexual Acts
fck,Sexual Anatomy/Sexual Acts
fck you,Sexual Anatomy/Sexual Acts
fcka,Sexual Anatomy/Sexual Acts
fckahz,Sexual Anatomy/Sexual Acts
fcked,Sexual Anatomy/Sexual Acts
fckedup,Sexual Anatomy/Sexual Acts
fcker,Sexual Anatomy/Sexual Acts
fckin,Sexual Anatomy/Sexual Acts
fcking,Sexual Anatomy/Sexual Acts
Fckk,Sexual Anatomy/Sexual Acts
fckked,Sexual Anatomy/Sexual Acts
fckking,Sexual Anatomy/Sexual Acts
fcks,Sexual Anatomy/Sexual Acts
fckyeah,Sexual Anatomy/Sexual Acts
fcuk,Sexual Anatomy/Sexual Acts
fcuked,Sexual Anatomy/Sexual Acts
fcuker,Sexual Anatomy/Sexual Acts
fcukers,Sexual Anatomy/Sexual Acts
fcuking,Sexual Anatomy/Sexual Acts
fcukker,Sexual Anatomy/Sexual Acts
fcuks,Sexual Anatomy/Sexual Acts
fcvking,Sexual Anatomy/Sexual Acts
feck,Sexual Anatomy/Sexual Acts
feck arse,Sexual Anatomy/Sexual Acts
fecker,Sexual Anatomy/Sexual Acts
fellatio aficionado,Sexual Anatomy/Sexual Acts
fellator,Sexual Anatomy/Sexual Acts
fick,Sexual Anatomy/Sexual Acts
finger,Sexual Anatomy/Sexual Acts
finger fuck,Sexual Anatomy/Sexual Acts
fingerbanged,Sexual Anatomy/Sexual Acts
fingerpop,Sexual Anatomy/Sexual Acts
fk bunny,Sexual Anatomy/Sexual Acts
fkbny,Sexual Anatomy/Sexual Acts
fked,Sexual Anatomy/Sexual Acts
fker,Sexual Anatomy/Sexual Acts
fking,Sexual Anatomy/Sexual Acts
fkings,Sexual Anatomy/Sexual Acts
fkker,Sexual Anatomy/Sexual Acts
focker,Sexual Anatomy/Sexual Acts
fook,Sexual Anatomy/Sexual Acts
fooker,Sexual Anatomy/Sexual Acts
fookuh,Sexual Anatomy/Sexual Acts
forked,Sexual Anatomy/Sexual Acts
fothermuckers,Sexual Anatomy/Sexual Acts
fuc,Sexual Anatomy/Sexual Acts
fucc,Sexual Anatomy/Sexual Acts
fucca,Sexual Anatomy/Sexual Acts
fuccers,Sexual Anatomy/Sexual Acts
fuccing,Sexual Anatomy/Sexual Acts
fuccs,Sexual Anatomy/Sexual Acts
fuck arse,Sexual Anatomy/Sexual Acts
fuck face,Sexual Anatomy/Sexual Acts
fuck faces,Sexual Anatomy/Sexual Acts
fuck goblin,Sexual Anatomy/Sexual Acts
fuck head,Sexual Anatomy/Sexual Acts
fuck off,Sexual Anatomy/Sexual Acts
fuck up,Sexual Anatomy/Sexual Acts
fuck y0u,Sexual Anatomy/Sexual Acts
fuck you,Sexual Anatomy/Sexual Acts
fuck your,Sexual Anatomy/Sexual Acts
fuck your mother,Sexual Anatomy/Sexual Acts
fucka,Sexual Anatomy/Sexual Acts
fuckahs,Sexual Anatomy/Sexual Acts
fuckass,Sexual Anatomy/Sexual Acts
fuckasses,Sexual Anatomy/Sexual Acts
fuckaz,Sexual Anatomy/Sexual Acts
fuckbag,Sexual Anatomy/Sexual Acts
fuckboy,Sexual Anatomy/Sexual Acts
fucked,Sexual Anatomy/Sexual Acts
fucked up,Sexual Anatomy/Sexual Acts
fuckem,Sexual Anatomy/Sexual Acts
fucker,Sexual Anatomy/Sexual Acts
fucker off,Sexual Anatomy/Sexual Acts
fuckers,Sexual Anatomy/Sexual Acts
fuckface,Sexual Anatomy/Sexual Acts
fuckfaces,Sexual Anatomy/Sexual Acts
fuckhead,Sexual Anatomy/Sexual Acts
fuckheaded,Sexual Anatomy/Sexual Acts
fuckheads,Sexual Anatomy/Sexual Acts
fuckin,Sexual Anatomy/Sexual Acts
fucking,Sexual Anatomy/Sexual Acts
fucking A,Sexual Anatomy/Sexual Acts
fucking asshole,Sexual Anatomy/Sexual Acts
fucking hell,Sexual Anatomy/Sexual Acts
fucking me,Sexual Anatomy/Sexual Acts
fucking shit,Sexual Anatomy/Sexual Acts
fuckk,Sexual Anatomy/Sexual Acts
fuckless,Sexual Anatomy/Sexual Acts
fuckmachine,Sexual Anatomy/Sexual Acts
fucknuckle,Sexual Anatomy/Sexual Acts
fucks,Sexual Anatomy/Sexual Acts
fuckshit,Sexual Anatomy/Sexual Acts
fuckshitface,Sexual Anatomy/Sexual Acts
fuckshithead,Sexual Anatomy/Sexual Acts
fuckstar,Sexual Anatomy/Sexual Acts
fuckster,Sexual Anatomy/Sexual Acts
fuckstick,Sexual Anatomy/Sexual Acts
fucktard,Sexual Anatomy/Sexual Acts
fucktards,Sexual Anatomy/Sexual Acts
fuckup,Sexual Anatomy/Sexual Acts
fuckwad,Sexual Anatomy/Sexual Acts
fuckwhore,Sexual Anatomy/Sexual Acts
fucs,Sexual Anatomy/Sexual Acts
fucx,Sexual Anatomy/Sexual Acts
fudgefucker,Sexual Anatomy/Sexual Acts
fudgepacker,Sexual Anatomy/Sexual Acts
fudgepackers,Sexual Anatomy/Sexual Acts
fudgepackershitter,Sexual Anatomy/Sexual Acts
fudgepacking fucker,Sexual Anatomy/Sexual Acts
fugged,Sexual Anatomy/Sexual Acts
fugger,Sexual Anatomy/Sexual Acts
fuggerz,Sexual Anatomy/Sexual Acts
fuggings,Sexual Anatomy/Sexual Acts
fuk,Sexual Anatomy/Sexual Acts
fuk1n,Sexual Anatomy/Sexual Acts
fuk1ng,Sexual Anatomy/Sexual Acts
fukcs,Sexual Anatomy/Sexual Acts
fuker,Sexual Anatomy/Sexual Acts
fukheads,Sexual Anatomy/Sexual Acts
fukin,Sexual Anatomy/Sexual Acts
fuking,Sexual Anatomy/Sexual Acts
fukk,Sexual Anatomy/Sexual Acts
fukka,Sexual Anatomy/Sexual Acts
fukked,Sexual Anatomy/Sexual Acts
fukker,Sexual Anatomy/Sexual Acts
fukkers,Sexual Anatomy/Sexual Acts
fukking,Sexual Anatomy/Sexual Acts
fukkings,Sexual Anatomy/Sexual Acts
fukkuh,Sexual Anatomy/Sexual Acts
fuks,Sexual Anatomy/Sexual Acts
fuku,Sexual Anatomy/Sexual Acts
fukwhore,Sexual Anatomy/Sexual Acts
funbags,Sexual Anatomy/Sexual Acts
fuq,Sexual Anatomy/Sexual Acts
futhamucka,Sexual Anatomy/Sexual Acts
fux,Sexual Anatomy/Sexual Acts
fux0r,Sexual Anatomy/Sexual Acts
fvck,Sexual Anatomy/Sexual Acts
fvck you,Sexual Anatomy/Sexual Acts
fvcka,Sexual Anatomy/Sexual Acts
fvckbunny,Sexual Anatomy/Sexual Acts
fvcker,Sexual Anatomy/Sexual Acts
fvckers,Sexual Anatomy/Sexual Acts
fvckin,Sexual Anatomy/Sexual Acts
fvcking,Sexual Anatomy/Sexual Acts
fvckker bunny,Sexual Anatomy/Sexual Acts
fvckwhi,Sexual Anatomy/Sexual Acts
fxck,Sexual Anatomy/Sexual Acts
fxcked,Sexual Anatomy/Sexual Acts
fxcker,Sexual Anatomy/Sexual Acts
fxcking,Sexual Anatomy/Sexual Acts
gash-stabber,Sexual Anatomy/Sexual Acts
get fucked,Sexual Anatomy/Sexual Acts
gin jockey,Sexual Anatomy/Sexual Acts
girly bits,Sexual Anatomy/Sexual Acts
go fuck yourself,Sexual Anatomy/Sexual Acts
goddamn mothafuckers,Sexual Anatomy/Sexual Acts
groper,Sexual Anatomy/Sexual Acts
harry palms,Sexual Anatomy/Sexual Acts
holy fuck,Sexual Anatomy/Sexual Acts
hooters,Sexual Anatomy/Sexual Acts
horses asses,Sexual Anatomy/Sexual Acts
j-offs,Sexual Anatomy/Sexual Acts
jack-off,Sexual Anatomy/Sexual Acts
jack-offs,Sexual Anatomy/Sexual Acts
jackarse,Sexual Anatomy/Sexual Acts
jackass,Sexual Anatomy/Sexual Acts
jackasses,Sexual Anatomy/Sexual Acts
jackoff,Sexual Anatomy/Sexual Acts
jackoffs,Sexual Anatomy/Sexual Acts
jackoffz,Sexual Anatomy/Sexual Acts
jagoff,Sexual Anatomy/Sexual Acts
jerk off,Sexual Anatomy/Sexual Acts
jerk-0ff,Sexual Anatomy/Sexual Acts
jerk-0ffs,Sexual Anatomy/Sexual Acts
jerk-off,Sexual Anatomy/Sexual Acts
jerk-offs,Sexual Anatomy/Sexual Acts
jerking off,Sexual Anatomy/Sexual Acts
jerkoff,Sexual Anatomy/Sexual Acts
jerkoff jerking off,Sexual Anatomy/Sexual Acts
jerkoffs,Sexual Anatomy/Sexual Acts
jerks off,Sexual Anatomy/Sexual Acts
kid diddler,Sexual Anatomy/Sexual Acts
kiddy touch,Sexual Anatomy/Sexual Acts
kiss ass,Sexual Anatomy/Sexual Acts
kiss my ass,Sexual Anatomy/Sexual Acts
kitty puncher,Sexual Anatomy/Sexual Acts
klitoris,Sexual Anatomy/Sexual Acts
knob,Sexual Anatomy/Sexual Acts
knob eater,Sexual Anatomy/Sexual Acts
knob gobbler,Sexual Anatomy/Sexual Acts
knob jockey,Sexual Anatomy/Sexual Acts
knob-face,Sexual Anatomy/Sexual Acts
knob-gobbler,Sexual Anatomy/Sexual Acts
knob-head,Sexual Anatomy/Sexual Acts
knob3d,Sexual Anatomy/Sexual Acts
knob3nd,Sexual Anatomy/Sexual Acts
knobd,Sexual Anatomy/Sexual Acts
knobe,Sexual Anatomy/Sexual Acts
knobead,Sexual Anatomy/Sexual Acts
knobeads,Sexual Anatomy/Sexual Acts
knobed,Sexual Anatomy/Sexual Acts
knobeds,Sexual Anatomy/Sexual Acts
knobend,Sexual Anatomy/Sexual Acts
knobender,Sexual Anatomy/Sexual Acts
knobends,Sexual Anatomy/Sexual Acts
knobendy,Sexual Anatomy/Sexual Acts
knobendz,Sexual Anatomy/Sexual Acts
knober,Sexual Anatomy/Sexual Acts
knobes,Sexual Anatomy/Sexual Acts
knobgobbler,Sexual Anatomy/Sexual Acts
knobhead,Sexual Anatomy/Sexual Acts
knobheads,Sexual Anatomy/Sexual Acts
knobjockies,Sexual Anatomy/Sexual Acts
knobjocky,Sexual Anatomy/Sexual Acts
knobjokey,Sexual Anatomy/Sexual Acts
knobjokeys,Sexual Anatomy/Sexual Acts
m@asterbated,Sexual Anatomy/Sexual Acts
m@derfaker,Sexual Anatomy/Sexual Acts
m@derfuck,Sexual Anatomy/Sexual Acts
m@derfuckers,Sexual Anatomy/Sexual Acts
m0f0,Sexual Anatomy/Sexual Acts
m0f0s,Sexual Anatomy/Sexual Acts
m0fo,Sexual Anatomy/Sexual Acts
m0foes,Sexual Anatomy/Sexual Acts
m0fos,Sexual Anatomy/Sexual Acts
m0thafucked,Sexual Anatomy/Sexual Acts
m0thafucker,Sexual Anatomy/Sexual Acts
m0thafucking,Sexual Anatomy/Sexual Acts
m0therfuckeds,Sexual Anatomy/Sexual Acts
m0therfucker,Sexual Anatomy/Sexual Acts
m0therfucking,Sexual Anatomy/Sexual Acts
m0therfvcker,Sexual Anatomy/Sexual Acts
man meat,Sexual Anatomy/Sexual Acts
markasses,Sexual Anatomy/Sexual Acts
meat curtains,Sexual Anatomy/Sexual Acts
meat-sword,Sexual Anatomy/Sexual Acts
mf'er,Sexual Anatomy/Sexual Acts
mf'ers,Sexual Anatomy/Sexual Acts
mf'ing,Sexual Anatomy/Sexual Acts
mfckers,Sexual Anatomy/Sexual Acts
MFer,Sexual Anatomy/Sexual Acts
MFers,Sexual Anatomy/Sexual Acts
mfing,Sexual Anatomy/Sexual Acts
mfk,Sexual Anatomy/Sexual Acts
mfs,Sexual Anatomy/Sexual Acts
mfukk,Sexual Anatomy/Sexual Acts
mfukker,Sexual Anatomy/Sexual Acts
mindfuck,Sexual Anatomy/Sexual Acts
mof0es,Sexual Anatomy/Sexual Acts
mof0s,Sexual Anatomy/Sexual Acts
mofcker,Sexual Anatomy/Sexual Acts
mofo,Sexual Anatomy/Sexual Acts
mofo ass,Sexual Anatomy/Sexual Acts
mofoes,Sexual Anatomy/Sexual Acts
mofos,Sexual Anatomy/Sexual Acts
mofoshit,Sexual Anatomy/Sexual Acts
mofuccers,Sexual Anatomy/Sexual Acts
mofucckers,Sexual Anatomy/Sexual Acts
mofuck,Sexual Anatomy/Sexual Acts
mofucker,Sexual Anatomy/Sexual Acts
mofuckkas,Sexual Anatomy/Sexual Acts
mofuk,Sexual Anatomy/Sexual Acts
mofukkas,Sexual Anatomy/Sexual Acts
motha fucka,Sexual Anatomy/Sexual Acts
motha fucker,Sexual Anatomy/Sexual Acts
motha fuckers,Sexual Anatomy/Sexual Acts
mothaf@cked,Sexual Anatomy/Sexual Acts
mothafcked,Sexual Anatomy/Sexual Acts
mothafcking,Sexual Anatomy/Sexual Acts
Mothafucc,Sexual Anatomy/Sexual Acts
mothafucced,Sexual Anatomy/Sexual Acts
mothafuccer,Sexual Anatomy/Sexual Acts
mothafuccing,Sexual Anatomy/Sexual Acts
mothafuck,Sexual Anatomy/Sexual Acts
mothafucka,Sexual Anatomy/Sexual Acts
mothafuckas,Sexual Anatomy/Sexual Acts
mothafuckasses,Sexual Anatomy/Sexual Acts
mothafuckaz,Sexual Anatomy/Sexual Acts
mothafuckazzes,Sexual Anatomy/Sexual Acts
mothafucked,Sexual Anatomy/Sexual Acts
mothafuckeds,Sexual Anatomy/Sexual Acts
mothafucker,Sexual Anatomy/Sexual Acts
mothafuckers,Sexual Anatomy/Sexual Acts
mothafuckin,Sexual Anatomy/Sexual Acts
mothafucking,Sexual Anatomy/Sexual Acts
mothafuckings,Sexual Anatomy/Sexual Acts
mothafuckins,Sexual Anatomy/Sexual Acts
mothafucks,Sexual Anatomy/Sexual Acts
mothafuckz,Sexual Anatomy/Sexual Acts
mothafvcked,Sexual Anatomy/Sexual Acts
mother effer,Sexual Anatomy/Sexual Acts
mother fuck,Sexual Anatomy/Sexual Acts
mother fuck you,Sexual Anatomy/Sexual Acts
mother fucka,Sexual Anatomy/Sexual Acts
mother fucker,Sexual Anatomy/Sexual Acts
mother fuckers,Sexual Anatomy/Sexual Acts
mother fucking,Sexual Anatomy/Sexual Acts
mothercker,Sexual Anatomy/Sexual Acts
motherf@kka,Sexual Anatomy/Sexual Acts
motherfacking,Sexual Anatomy/Sexual Acts
motherfcked,Sexual Anatomy/Sexual Acts
motherfckin,Sexual Anatomy/Sexual Acts
motherfcking,Sexual Anatomy/Sexual Acts
motherfcks,Sexual Anatomy/Sexual Acts
motherfckshit,Sexual Anatomy/Sexual Acts
motherfecka,Sexual Anatomy/Sexual Acts
motherfecker,Sexual Anatomy/Sexual Acts
motherfk,Sexual Anatomy/Sexual Acts
motherfucca,Sexual Anatomy/Sexual Acts
motherfuccas,Sexual Anatomy/Sexual Acts
motherfuccers,Sexual Anatomy/Sexual Acts
motherfuck,Sexual Anatomy/Sexual Acts
motherfucked,Sexual Anatomy/Sexual Acts
motherfuckeds,Sexual Anatomy/Sexual Acts
motherfucker,Sexual Anatomy/Sexual Acts
motherfuckers,Sexual Anatomy/Sexual Acts
motherfuckin,Sexual Anatomy/Sexual Acts
motherfucking,Sexual Anatomy/Sexual Acts
motherfuckings,Sexual Anatomy/Sexual Acts
motherfuckingshit,Sexual Anatomy/Sexual Acts
motherfuckins,Sexual Anatomy/Sexual Acts
motherfuckka,Sexual Anatomy/Sexual Acts
motherfuckkas,Sexual Anatomy/Sexual Acts
motherfuckkers,Sexual Anatomy/Sexual Acts
motherfucks,Sexual Anatomy/Sexual Acts
motherfukka,Sexual Anatomy/Sexual Acts
motherfukker,Sexual Anatomy/Sexual Acts
motherfukkings,Sexual Anatomy/Sexual Acts
motherfvck,Sexual Anatomy/Sexual Acts
motherfvcked,Sexual Anatomy/Sexual Acts
motherfvckeds,Sexual Anatomy/Sexual Acts
motherfvcker,Sexual Anatomy/Sexual Acts
motherfvckers,Sexual Anatomy/Sexual Acts
motherfvcking,Sexual Anatomy/Sexual Acts
motherfxck,Sexual Anatomy/Sexual Acts
motherfxcking,Sexual Anatomy/Sexual Acts
mothfck,Sexual Anatomy/Sexual Acts
mothter fuck,Sexual Anatomy/Sexual Acts
mtherfuker,Sexual Anatomy/Sexual Acts
mthrfcker,Sexual Anatomy/Sexual Acts
muddafukkas,Sexual Anatomy/Sexual Acts
mudderfuk,Sexual Anatomy/Sexual Acts
mudderfukker,Sexual Anatomy/Sexual Acts
mufdive,Sexual Anatomy/Sexual Acts
mufdivin,Sexual Anatomy/Sexual Acts
muff,Sexual Anatomy/Sexual Acts
muffdiving,Sexual Anatomy/Sexual Acts
muffdivings,Sexual Anatomy/Sexual Acts
muffindivin,Sexual Anatomy/Sexual Acts
muffindiving,Sexual Anatomy/Sexual Acts
muhfucking,Sexual Anatomy/Sexual Acts
mushroom tip,Sexual Anatomy/Sexual Acts
mutha fucka,Sexual Anatomy/Sexual Acts
mutha fucker,Sexual Anatomy/Sexual Acts
muthafecker,Sexual Anatomy/Sexual Acts
muthafeckers,Sexual Anatomy/Sexual Acts
muthafucka,Sexual Anatomy/Sexual Acts
muthafuckers,Sexual Anatomy/Sexual Acts
muthafuckings,Sexual Anatomy/Sexual Acts
muthafuckker,Sexual Anatomy/Sexual Acts
muthafuckkers,Sexual Anatomy/Sexual Acts
muthafukka,Sexual Anatomy/Sexual Acts
mutherfucker,Sexual Anatomy/Sexual Acts
mutherfuckers,Sexual Anatomy/Sexual Acts
n0bhead,Sexual Anatomy/Sexual Acts
n0bj0cky,Sexual Anatomy/Sexual Acts
nip,Sexual Anatomy/Sexual Acts
nob jockey,Sexual Anatomy/Sexual Acts
nob jokeys,Sexual Anatomy/Sexual Acts
nobbyhead,Sexual Anatomy/Sexual Acts
nobhead,Sexual Anatomy/Sexual Acts
nobheads,Sexual Anatomy/Sexual Acts
nobj0key,Sexual Anatomy/Sexual Acts
nobjockies,Sexual Anatomy/Sexual Acts
nobjocky,Sexual Anatomy/Sexual Acts
nobjokey,Sexual Anatomy/Sexual Acts
nobjokeys,Sexual Anatomy/Sexual Acts
nobs,Sexual Anatomy/Sexual Acts
nutsack,Sexual Anatomy/Sexual Acts
nutsacks,Sexual Anatomy/Sexual Acts
octopussy,Sexual Anatomy/Sexual Acts
p3n1shead,Sexual Anatomy/Sexual Acts
p3nisfcker,Sexual Anatomy/Sexual Acts
p3nisfcukers,Sexual Anatomy/Sexual Acts
p3nisfvcker,Sexual Anatomy/Sexual Acts
p3nisfvckers,Sexual Anatomy/Sexual Acts
pack my fudge,Sexual Anatomy/Sexual Acts
packerfudgehead,Sexual Anatomy/Sexual Acts
packing fudge,Sexual Anatomy/Sexual Acts
packing fudgehead,Sexual Anatomy/Sexual Acts
packingfudge,Sexual Anatomy/Sexual Acts
packingfudgefucker,Sexual Anatomy/Sexual Acts
packingfudgefucking,Sexual Anatomy/Sexual Acts
packsomefudgefucker,Sexual Anatomy/Sexual Acts
palm jockey,Sexual Anatomy/Sexual Acts
pecker,Sexual Anatomy/Sexual Acts
peckerhead,Sexual Anatomy/Sexual Acts
pedo,Sexual Anatomy/Sexual Acts
pedobear,Sexual Anatomy/Sexual Acts
pedobears,Sexual Anatomy/Sexual Acts
pedophl,Sexual Anatomy/Sexual Acts
pedos,Sexual Anatomy/Sexual Acts
pedoz,Sexual Anatomy/Sexual Acts
peen,Sexual Anatomy/Sexual Acts
peener,Sexual Anatomy/Sexual Acts
penisfcker,Sexual Anatomy/Sexual Acts
penisfuccer,Sexual Anatomy/Sexual Acts
penisfucker,Sexual Anatomy/Sexual Acts
penisfuckers,Sexual Anatomy/Sexual Acts
penisfvcker,Sexual Anatomy/Sexual Acts
penisfvckers,Sexual Anatomy/Sexual Acts
penishead,Sexual Anatomy/Sexual Acts
phuc,Sexual Anatomy/Sexual Acts
phucc,Sexual Anatomy/Sexual Acts
phuccer,Sexual Anatomy/Sexual Acts
phucchead,Sexual Anatomy/Sexual Acts
phuccing,Sexual Anatomy/Sexual Acts
phuck,Sexual Anatomy/Sexual Acts
phuck3r,Sexual Anatomy/Sexual Acts
phucked,Sexual Anatomy/Sexual Acts
phucker,Sexual Anatomy/Sexual Acts
phuckin,Sexual Anatomy/Sexual Acts
phucking,Sexual Anatomy/Sexual Acts
phuckings,Sexual Anatomy/Sexual Acts
phucks,Sexual Anatomy/Sexual Acts
phucup,Sexual Anatomy/Sexual Acts
phuk,Sexual Anatomy/Sexual Acts
phuked,Sexual Anatomy/Sexual Acts
phukeds,Sexual Anatomy/Sexual Acts
phukhead,Sexual Anatomy/Sexual Acts
phuking,Sexual Anatomy/Sexual Acts
phukings,Sexual Anatomy/Sexual Acts
phukk,Sexual Anatomy/Sexual Acts
phukked,Sexual Anatomy/Sexual Acts
phukkeds,Sexual Anatomy/Sexual Acts
phukker,Sexual Anatomy/Sexual Acts
phuks,Sexual Anatomy/Sexual Acts
phukshit,Sexual Anatomy/Sexual Acts
phuku,Sexual Anatomy/Sexual Acts
phukup,Sexual Anatomy/Sexual Acts
phuq,Sexual Anatomy/Sexual Acts
phuqs,Sexual Anatomy/Sexual Acts
phvckings,Sexual Anatomy/Sexual Acts
pig fucker,Sexual Anatomy/Sexual Acts
pigfucker,Sexual Anatomy/Sexual Acts
pigfuckers,Sexual Anatomy/Sexual Acts
pigfucking,Sexual Anatomy/Sexual Acts
pigfukker,Sexual Anatomy/Sexual Acts
piggyfuck,Sexual Anatomy/Sexual Acts
prick,Sexual Anatomy/Sexual Acts
prick-face,Sexual Anatomy/Sexual Acts
prick-gobbler,Sexual Anatomy/Sexual Acts
prick-head,Sexual Anatomy/Sexual Acts
pricks,Sexual Anatomy/Sexual Acts
pu$sy,Sexual Anatomy/Sexual Acts
pu55y,Sexual Anatomy/Sexual Acts
pull the pud,Sexual Anatomy/Sexual Acts
punani,Sexual Anatomy/Sexual Acts
punk ass mofoes,Sexual Anatomy/Sexual Acts
punkasses,Sexual Anatomy/Sexual Acts
puss,Sexual Anatomy/Sexual Acts
pusses,Sexual Anatomy/Sexual Acts
pussie,Sexual Anatomy/Sexual Acts
pussies,Sexual Anatomy/Sexual Acts
pussless,Sexual Anatomy/Sexual Acts
pusslicker,Sexual Anatomy/Sexual Acts
pussy,Sexual Anatomy/Sexual Acts
pussy cat,Sexual Anatomy/Sexual Acts
pussy fucker,Sexual Anatomy/Sexual Acts
pussy lick,Sexual Anatomy/Sexual Acts
pussy licker,Sexual Anatomy/Sexual Acts
pussy licking,Sexual Anatomy/Sexual Acts
pussylickers,Sexual Anatomy/Sexual Acts
pussys,Sexual Anatomy/Sexual Acts
pussywhipped,Sexual Anatomy/Sexual Acts
puta,Sexual Anatomy/Sexual Acts
puussy,Sexual Anatomy/Sexual Acts
puzzies,Sexual Anatomy/Sexual Acts
puzzy,Sexual Anatomy/Sexual Acts
ramrod,Sexual Anatomy/Sexual Acts
reacharound,Sexual Anatomy/Sexual Acts
rectum,Sexual Anatomy/Sexual Acts
rim job,Sexual Anatomy/Sexual Acts
sack,Sexual Anatomy/Sexual Acts
salad tosser,Sexual Anatomy/Sexual Acts
sausage jockey,Sexual Anatomy/Sexual Acts
scamfuck,Sexual Anatomy/Sexual Acts
schlong,Sexual Anatomy/Sexual Acts
scumfuck,Sexual Anatomy/Sexual Acts
scumfucker,Sexual Anatomy/Sexual Acts
scumfvck,Sexual Anatomy/Sexual Acts
shlong,Sexual Anatomy/Sexual Acts
shtfuk,Sexual Anatomy/Sexual Acts
shut the fuck up,Sexual Anatomy/Sexual Acts
sixty-nine,Sexual Anatomy/Sexual Acts
slut hole,Sexual Anatomy/Sexual Acts
snatch,Sexual Anatomy/Sexual Acts
snatch licker,Sexual Anatomy/Sexual Acts
soppy bollucks,Sexual Anatomy/Sexual Acts
spanking,Sexual Anatomy/Sexual Acts
sphincter,Sexual Anatomy/Sexual Acts
stfu,Sexual Anatomy/Sexual Acts
stump chewer,Sexual Anatomy/Sexual Acts
stupid fucker,Sexual Anatomy/Sexual Acts
stupidasses,Sexual Anatomy/Sexual Acts
suck,Sexual Anatomy/Sexual Acts
suck my cock,Sexual Anatomy/Sexual Acts
suck my d,Sexual Anatomy/Sexual Acts
suck my dick,Sexual Anatomy/Sexual Acts
suck off,Sexual Anatomy/Sexual Acts
swine fucker,Sexual Anatomy/Sexual Acts
tadger,Sexual Anatomy/Sexual Acts
tallywacker,Sexual Anatomy/Sexual Acts
throater,Sexual Anatomy/Sexual Acts
tickle the pickle,Sexual Anatomy/Sexual Acts
tits,Sexual Anatomy/Sexual Acts
tongue fucker,Sexual Anatomy/Sexual Acts
tongue fucking,Sexual Anatomy/Sexual Acts
tosser,Sexual Anatomy/Sexual Acts
tossing salad,Sexual Anatomy/Sexual Acts
trouser snake,Sexual Anatomy/Sexual Acts
trousersnake,Sexual Anatomy/Sexual Acts
tw@t,Sexual Anatomy/Sexual Acts
twa+,Sexual Anatomy/Sexual Acts
twat,Sexual Anatomy/Sexual Acts
twat waffle,Sexual Anatomy/Sexual Acts
twatface,Sexual Anatomy/Sexual Acts
twats,Sexual Anatomy/Sexual Acts
twatt,Sexual Anatomy/Sexual Acts
twattish,Sexual Anatomy/Sexual Acts
twatzilla,Sexual Anatomy/Sexual Acts
upskirts,Sexual Anatomy/Sexual Acts
useless fucker,Sexual Anatomy/Sexual Acts
vag,Sexual Anatomy/Sexual Acts
vajayjay,Sexual Anatomy/Sexual Acts
vulva,Sexual Anatomy/Sexual Acts
w@nker,Sexual Anatomy/Sexual Acts
w@nkers,Sexual Anatomy/Sexual Acts
w4nk3r,Sexual Anatomy/Sexual Acts
w4nker,Sexual Anatomy/Sexual Acts
wang,Sexual Anatomy/Sexual Acts
wang wrangler,Sexual Anatomy/Sexual Acts
wank,Sexual Anatomy/Sexual Acts
wank off,Sexual Anatomy/Sexual Acts
wank3r,Sexual Anatomy/Sexual Acts
wank3rs,Sexual Anatomy/Sexual Acts
wankbastard,Sexual Anatomy/Sexual Acts
wanked,Sexual Anatomy/Sexual Acts
wanker,Sexual Anatomy/Sexual Acts
wankers,Sexual Anatomy/Sexual Acts
wankies,Sexual Anatomy/Sexual Acts
wanking,Sexual Anatomy/Sexual Acts
wanks,Sexual Anatomy/Sexual Acts
weenie,Sexual Anatomy/Sexual Acts
weiner,Sexual Anatomy/Sexual Acts
whack off,Sexual Anatomy/Sexual Acts
what the fuck,Sexual Anatomy/Sexual Acts
willy-whacker,Sexual Anatomy/Sexual Acts
window licker,Sexual Anatomy/Sexual Acts
wise ass,Sexual Anatomy/Sexual Acts
wnker,Sexual Anatomy/Sexual Acts
mound of venus,Sexual Anatomy/Sexual Acts
asslover,Sexual Anatomy/Sexual Acts
s&m,Sexual Anatomy/Sexual Acts
meatrack,Sexual Anatomy/Sexual Acts
ra8s,Sexual Anatomy/Sexual Acts
randy,Sexual Anatomy/Sexual Acts
rimming,Sexual Anatomy/Sexual Acts
poop chute,Sexual Anatomy/Sexual Acts
testicles,Sexual Anatomy/Sexual Acts
peni5,Sexual Anatomy/Sexual Acts
cunilingus,Sexual Anatomy/Sexual Acts
muffindiver,Sexual Anatomy/Sexual Acts
cocksman,Sexual Anatomy/Sexual Acts
fingerfucker,Sexual Anatomy/Sexual Acts
venus mound,Sexual Anatomy/Sexual Acts
bukkake,Sexual Anatomy/Sexual Acts
shag,Sexual Anatomy/Sexual Acts
raped,Sexual Anatomy/Sexual Acts
buggery,Sexual Anatomy/Sexual Acts
lickme,Sexual Anatomy/Sexual Acts
reverse cowgirl,Sexual Anatomy/Sexual Acts
copulate,Sexual Anatomy/Sexual Acts
buttmuncher,Sexual Anatomy/Sexual Acts
hotpussy,Sexual Anatomy/Sexual Acts
cuntfucker,Sexual Anatomy/Sexual Acts
ball licking,Sexual Anatomy/Sexual Acts
dickman,Sexual Anatomy/Sexual Acts
tantra,Sexual Anatomy/Sexual Acts
nookie,Sexual Anatomy/Sexual Acts
fuckedup,Sexual Anatomy/Sexual Acts
cybersex,Sexual Anatomy/Sexual Acts
cunillingus,Sexual Anatomy/Sexual Acts
butt,Sexual Anatomy/Sexual Acts
dicklick,Sexual Anatomy/Sexual Acts
kunilingus,Sexual Anatomy/Sexual Acts
fistfucking,Sexual Anatomy/Sexual Acts
assmonkey,Sexual Anatomy/Sexual Acts
cockknob,Sexual Anatomy/Sexual Acts
footfucker,Sexual Anatomy/Sexual Acts
cuntlicking,Sexual Anatomy/Sexual Acts
fuckfriend,Sexual Anatomy/Sexual Acts
pthc,Sexual Anatomy/Sexual Acts
nutfucker,Sexual Anatomy/Sexual Acts
peehole,Sexual Anatomy/Sexual Acts
erection,Sexual Anatomy/Sexual Acts
bast,Sexual Anatomy/Sexual Acts
hummer,Sexual Anatomy/Sexual Acts
shortfuck,Sexual Anatomy/Sexual Acts
pussylips,Sexual Anatomy/Sexual Acts
nooner,Sexual Anatomy/Sexual Acts
blumpkin,Sexual Anatomy/Sexual Acts
stiffy,Sexual Anatomy/Sexual Acts
beastiality,Sexual Anatomy/Sexual Acts
style doggy,Sexual Anatomy/Sexual Acts
rusty trombone,Sexual Anatomy/Sexual Acts
wrinkled starfish,Sexual Anatomy/Sexual Acts
bollick,Sexual Anatomy/Sexual Acts
muff diver,Sexual Anatomy/Sexual Acts
asspirate,Sexual Anatomy/Sexual Acts
ballsack,Sexual Anatomy/Sexual Acts
breastman,Sexual Anatomy/Sexual Acts
wet dream,Sexual Anatomy/Sexual Acts
double penetration,Sexual Anatomy/Sexual Acts
missionary position,Sexual Anatomy/Sexual Acts
date rape,Sexual Anatomy/Sexual Acts
eatballs,Sexual Anatomy/Sexual Acts
handjob,Sexual Anatomy/Sexual Acts
deep throat,Sexual Anatomy/Sexual Acts
assclown,Sexual Anatomy/Sexual Acts
screwyou,Sexual Anatomy/Sexual Acts
gang bang,Sexual Anatomy/Sexual Acts
lubejob,Sexual Anatomy/Sexual Acts
rimjob,Sexual Anatomy/Sexual Acts
sexfarm,Sexual Anatomy/Sexual Acts
tribadism,Sexual Anatomy/Sexual Acts
butt-bang,Sexual Anatomy/Sexual Acts
asskiss,Sexual Anatomy/Sexual Acts
sadism,Sexual Anatomy/Sexual Acts
2g1c,Sexual Anatomy/Sexual Acts
cunntt,Sexual Anatomy/Sexual Acts
ball sack,Sexual Anatomy/Sexual Acts
sodom,Sexual Anatomy/Sexual Acts
fudge packer,Sexual Anatomy/Sexual Acts
fatfuck,Sexual Anatomy/Sexual Acts
felatio,Sexual Anatomy/Sexual Acts
cuntfuck,Sexual Anatomy/Sexual Acts
headfuck,Sexual Anatomy/Sexual Acts
dickweed,Sexual Anatomy/Sexual Acts
giant cock,Sexual Anatomy/Sexual Acts
sexhound,Sexual Anatomy/Sexual Acts
titlover,Sexual Anatomy/Sexual Acts
black cock,Sexual Anatomy/Sexual Acts
donkey punch,Sexual Anatomy/Sexual Acts
dirty pillows,Sexual Anatomy/Sexual Acts
cockcowboy,Sexual Anatomy/Sexual Acts
hymen,Sexual Anatomy/Sexual Acts
mufflikcer,Sexual Anatomy/Sexual Acts
phonesex,Sexual Anatomy/Sexual Acts
teste,Sexual Anatomy/Sexual Acts
brea5t,Sexual Anatomy/Sexual Acts
sextogo,Sexual Anatomy/Sexual Acts
juggs,Sexual Anatomy/Sexual Acts
fastfuck,Sexual Anatomy/Sexual Acts
women rapping,Sexual Anatomy/Sexual Acts
titfucker,Sexual Anatomy/Sexual Acts
swinger,Sexual Anatomy/Sexual Acts
booby,Sexual Anatomy/Sexual Acts
dp action,Sexual Anatomy/Sexual Acts
jugs,Sexual Anatomy/Sexual Acts
insest,Sexual Anatomy/Sexual Acts
foreskin,Sexual Anatomy/Sexual Acts
acrotomophilia,Sexual Anatomy/Sexual Acts
fuckmonkey,Sexual Anatomy/Sexual Acts
pubiclice,Sexual Anatomy/Sexual Acts
titfuck,Sexual Anatomy/Sexual Acts
one guy one jar,Sexual Anatomy/Sexual Acts
sexo,Sexual Anatomy/Sexual Acts
cocktease,Sexual Anatomy/Sexual Acts
pric,Sexual Anatomy/Sexual Acts
penile,Sexual Anatomy/Sexual Acts
genital,Sexual Anatomy/Sexual Acts
gangbanger,Sexual Anatomy/Sexual Acts
ejaculate,Sexual Anatomy/Sexual Acts
dickforbrains,Sexual Anatomy/Sexual Acts
rosy palm,Sexual Anatomy/Sexual Acts
assranger,Sexual Anatomy/Sexual Acts
asspuppies,Sexual Anatomy/Sexual Acts
doggie style,Sexual Anatomy/Sexual Acts
chode,Sexual Anatomy/Sexual Acts
pleasure chest,Sexual Anatomy/Sexual Acts
goddamnmuthafucker,Sexual Anatomy/Sexual Acts
whiskeydick,Sexual Anatomy/Sexual Acts
nofuckingway,Sexual Anatomy/Sexual Acts
mastrabator,Sexual Anatomy/Sexual Acts
jack off,Sexual Anatomy/Sexual Acts
blow j,Sexual Anatomy/Sexual Acts
nipplering,Sexual Anatomy/Sexual Acts
rape,Sexual Anatomy/Sexual Acts
genitals,Sexual Anatomy/Sexual Acts
dick,Sexual Anatomy/Sexual Acts
suckmytit,Sexual Anatomy/Sexual Acts
vorarephilia,Sexual Anatomy/Sexual Acts
lovebone,Sexual Anatomy/Sexual Acts
coprolagnia,Sexual Anatomy/Sexual Acts
shrimping,Sexual Anatomy/Sexual Acts
big knockers,Sexual Anatomy/Sexual Acts
hosejob,Sexual Anatomy/Sexual Acts
eat my ass,Sexual Anatomy/Sexual Acts
suckoff,Sexual Anatomy/Sexual Acts
sixtynine,Sexual Anatomy/Sexual Acts
buttplug,Sexual Anatomy/Sexual Acts
bumfuck,Sexual Anatomy/Sexual Acts
big breasts,Sexual Anatomy/Sexual Acts
suckmyass,Sexual Anatomy/Sexual Acts
bigass,Sexual Anatomy/Sexual Acts
fannyfucker,Sexual Anatomy/Sexual Acts
fuck buttons,Sexual Anatomy/Sexual Acts
voyeur,Sexual Anatomy/Sexual Acts
titlicker,Sexual Anatomy/Sexual Acts
buttstain,Sexual Anatomy/Sexual Acts
penises,Sexual Anatomy/Sexual Acts
tushy,Sexual Anatomy/Sexual Acts
daterape,Sexual Anatomy/Sexual Acts
upthebutt,Sexual Anatomy/Sexual Acts
fistfuck,Sexual Anatomy/Sexual Acts
shibari,Sexual Anatomy/Sexual Acts
raper,Sexual Anatomy/Sexual Acts
titties,Sexual Anatomy/Sexual Acts
titjob,Sexual Anatomy/Sexual Acts
fok,Sexual Anatomy/Sexual Acts
scrotum,Sexual Anatomy/Sexual Acts
analannie,Sexual Anatomy/Sexual Acts
breastjob,Sexual Anatomy/Sexual Acts
paedophile,Sexual Anatomy/Sexual Acts
suckme,Sexual Anatomy/Sexual Acts
willie,Sexual Anatomy/Sexual Acts
titbitnipply,Sexual Anatomy/Sexual Acts
deapthroat,Sexual Anatomy/Sexual Acts
circlejerk,Sexual Anatomy/Sexual Acts
hookers,Sexual Anatomy/Sexual Acts
gokkun,Sexual Anatomy/Sexual Acts
buttpirate,Sexual Anatomy/Sexual Acts
goregasm,Sexual Anatomy/Sexual Acts
freakfuck,Sexual Anatomy/Sexual Acts
2 girls 1 cup,Sexual Anatomy/Sexual Acts
crotchjockey,Sexual Anatomy/Sexual Acts
dripdick,Sexual Anatomy/Sexual Acts
fuckina,Sexual Anatomy/Sexual Acts
fuckpig,Sexual Anatomy/Sexual Acts
whiskydick,Sexual Anatomy/Sexual Acts
deepthroat,Sexual Anatomy/Sexual Acts
fuckher,Sexual Anatomy/Sexual Acts
one cup two girls,Sexual Anatomy/Sexual Acts
pussylicker,Sexual Anatomy/Sexual Acts
suckdick,Sexual Anatomy/Sexual Acts
pube,Sexual Anatomy/Sexual Acts
fuckbuddy,Sexual Anatomy/Sexual Acts
g-spot,Sexual Anatomy/Sexual Acts
prickhead,Sexual Anatomy/Sexual Acts
pussyeater,Sexual Anatomy/Sexual Acts
cocksmith,Sexual Anatomy/Sexual Acts
phone sex,Sexual Anatomy/Sexual Acts
badfuck,Sexual Anatomy/Sexual Acts
fistfucked,Sexual Anatomy/Sexual Acts
fuckable,Sexual Anatomy/Sexual Acts
beastality,Sexual Anatomy/Sexual Acts
cocksucer,Sexual Anatomy/Sexual Acts
poopchute,Sexual Anatomy/Sexual Acts
gangbanged,Sexual Anatomy/Sexual Acts
masterbate,Sexual Anatomy/Sexual Acts
rosy palm and her 5 sisters,Sexual Anatomy/Sexual Acts
doggiestyle,Sexual Anatomy/Sexual Acts
dickbrain,Sexual Anatomy/Sexual Acts
felch,Sexual Anatomy/Sexual Acts
penis,Sexual Anatomy/Sexual Acts
buttmunch,Sexual Anatomy/Sexual Acts
fingering,Sexual Anatomy/Sexual Acts
freefuck,Sexual Anatomy/Sexual Acts
bunghole,Sexual Anatomy/Sexual Acts
butt-fuck,Sexual Anatomy/Sexual Acts
gangbang,Sexual Anatomy/Sexual Acts
cockfight,Sexual Anatomy/Sexual Acts
masturbate,Sexual Anatomy/Sexual Acts
dickwad,Sexual Anatomy/Sexual Acts
fuckinright,Sexual Anatomy/Sexual Acts
blue waffle,Sexual Anatomy/Sexual Acts
clit,Sexual Anatomy/Sexual Acts
whorefucker,Sexual Anatomy/Sexual Acts
grostulation,Sexual Anatomy/Sexual Acts
hymie,Sexual Anatomy/Sexual Acts
footfuck,Sexual Anatomy/Sexual Acts
cleveland steamer,Sexual Anatomy/Sexual Acts
feltch,Sexual Anatomy/Sexual Acts
feltcher,Sexual Anatomy/Sexual Acts
fingerfuckers,Sexual Anatomy/Sexual Acts
buttface,Sexual Anatomy/Sexual Acts
motherlovebone,Sexual Anatomy/Sexual Acts
gonzagas,Sexual Anatomy/Sexual Acts
asskisser,Sexual Anatomy/Sexual Acts
crotchrot,Sexual Anatomy/Sexual Acts
fister,Sexual Anatomy/Sexual Acts
cockblock,Sexual Anatomy/Sexual Acts
kunt,Sexual Anatomy/Sexual Acts
facefucker,Sexual Anatomy/Sexual Acts
stupidfuck,Sexual Anatomy/Sexual Acts
raping,Sexual Anatomy/Sexual Acts
skinflute,Sexual Anatomy/Sexual Acts
asspacker,Sexual Anatomy/Sexual Acts
knobbing,Sexual Anatomy/Sexual Acts
buttman,Sexual Anatomy/Sexual Acts
urethra play,Sexual Anatomy/Sexual Acts
fuckmehard,Sexual Anatomy/Sexual Acts
shaved pussy,Sexual Anatomy/Sexual Acts
kinkster,Sexual Anatomy/Sexual Acts
fuck,Sexual Anatomy/Sexual Acts
vaginal,Sexual Anatomy/Sexual Acts
sexpot,Sexual Anatomy/Sexual Acts
buttcheeks,Sexual Anatomy/Sexual Acts
bdsm,Sexual Anatomy/Sexual Acts
assbagger,Sexual Anatomy/Sexual Acts
nipples,Sexual Anatomy/Sexual Acts
dumbfuck,Sexual Anatomy/Sexual Acts
sadom,Sexual Anatomy/Sexual Acts
pubes,Sexual Anatomy/Sexual Acts
masturbating,Sexual Anatomy/Sexual Acts
sodomize,Sexual Anatomy/Sexual Acts
sodomite,Sexual Anatomy/Sexual Acts
butthead,Sexual Anatomy/Sexual Acts
incest,Sexual Anatomy/Sexual Acts
vagina,Sexual Anatomy/Sexual Acts
urophilia,Sexual Anatomy/Sexual Acts
areola,Sexual Anatomy/Sexual Acts
loverocket,Sexual Anatomy/Sexual Acts
asshore,Sexual Anatomy/Sexual Acts
shaggin,Sexual Anatomy/Sexual Acts
fubar,Sexual Anatomy/Sexual Acts
dildo,Sexual Anatomy/Sexual Acts
pedophile,Sexual Anatomy/Sexual Acts
freakyfucker,Sexual Anatomy/Sexual Acts
birdlock,Sexual Anatomy/Sexual Acts
bigbutt,Sexual Anatomy/Sexual Acts
sucks,Sexual Anatomy/Sexual Acts
nambla,Sexual Anatomy/Sexual Acts
puntang,Sexual Anatomy/Sexual Acts
bootycall,Sexual Anatomy/Sexual Acts
asslick,Sexual Anatomy/Sexual Acts
boody,Sexual Anatomy/Sexual Acts
double dong,Sexual Anatomy/Sexual Acts
pusy,Sexual Anatomy/Sexual Acts
sexkitten,Sexual Anatomy/Sexual Acts
pudboy,Sexual Anatomy/Sexual Acts
pud,Sexual Anatomy/Sexual Acts
fingerfuck,Sexual Anatomy/Sexual Acts
williewanker,Sexual Anatomy/Sexual Acts
fisting,Sexual Anatomy/Sexual Acts
sixtyniner,Sexual Anatomy/Sexual Acts
two girls one cup,Sexual Anatomy/Sexual Acts
pudd,Sexual Anatomy/Sexual Acts
sodomise,Sexual Anatomy/Sexual Acts
scissoring,Sexual Anatomy/Sexual Acts
big tits,Sexual Anatomy/Sexual Acts
muffdiver,Sexual Anatomy/Sexual Acts
ecchi,Sexual Anatomy/Sexual Acts
intheass,Sexual Anatomy/Sexual Acts
felcher,Sexual Anatomy/Sexual Acts
willy,Sexual Anatomy/Sexual Acts
fuckme,Sexual Anatomy/Sexual Acts
rentafuck,Sexual Anatomy/Sexual Acts
footjob,Sexual Anatomy/Sexual Acts
pindick,Sexual Anatomy/Sexual Acts
cockrider,Sexual Anatomy/Sexual Acts
felching,Sexual Anatomy/Sexual Acts
balllicker,Sexual Anatomy/Sexual Acts
ponyplay,Sexual Anatomy/Sexual Acts
fuckoff,Sexual Anatomy/Sexual Acts
sadis,Sexual Anatomy/Sexual Acts
fatfucker,Sexual Anatomy/Sexual Acts
clover clamps,Sexual Anatomy/Sexual Acts
pooper,Sexual Anatomy/Sexual Acts
fuuck,Sexual Anatomy/Sexual Acts
poon,Sexual Anatomy/Sexual Acts
tittie,Sexual Anatomy/Sexual Acts
fistfucker,Sexual Anatomy/Sexual Acts
zoophilia,Sexual Anatomy/Sexual Acts
hiscock,Sexual Anatomy/Sexual Acts
tang,Sexual Anatomy/Sexual Acts
geni,Sexual Anatomy/Sexual Acts
fuckinnuts,Sexual Anatomy/Sexual Acts
uterus,Sexual Anatomy/Sexual Acts
luckycammeltoe,Sexual Anatomy/Sexual Acts
kissass,Sexual Anatomy/Sexual Acts
muffdive,Sexual Anatomy/Sexual Acts
doggystyle,Sexual Anatomy/Sexual Acts
rapist,Sexual Anatomy/Sexual Acts
sex,Sexual Anatomy/Sexual Acts
sexed,Sexual Anatomy/Sexual Acts
sextoy,Sexual Anatomy/Sexual Acts
sextoys,Sexual Anatomy/Sexual Acts
assman,Sexual Anatomy/Sexual Acts
shagging,Sexual Anatomy/Sexual Acts
stupidfucker,Sexual Anatomy/Sexual Acts
pussylover,Sexual Anatomy/Sexual Acts
frotting,Sexual Anatomy/Sexual Acts
fuckknob,Sexual Anatomy/Sexual Acts
nawashi,Sexual Anatomy/Sexual Acts
mastabate,Sexual Anatomy/Sexual Acts
kunnilingus,Sexual Anatomy/Sexual Acts
snatchpatch,Sexual Anatomy/Sexual Acts
poontang,Sexual Anatomy/Sexual Acts
pussypounder,Sexual Anatomy/Sexual Acts
pu55i,Sexual Anatomy/Sexual Acts
funfuck,Sexual Anatomy/Sexual Acts
nipple,Sexual Anatomy/Sexual Acts
fuckit,Sexual Anatomy/Sexual Acts
quim,Sexual Anatomy/Sexual Acts
booty call,Sexual Anatomy/Sexual Acts
coitus,Sexual Anatomy/Sexual Acts
tit,Sexual Anatomy/Sexual Acts
raging boner,Sexual Anatomy/Sexual Acts
ejaculation,Sexual Anatomy/Sexual Acts
camel toe,Sexual Anatomy/Sexual Acts
limpdick,Sexual Anatomy/Sexual Acts
beatyourmeat,Sexual Anatomy/Sexual Acts
meatbeatter,Sexual Anatomy/Sexual Acts
crotchmonkey,Sexual Anatomy/Sexual Acts
hand job,Sexual Anatomy/Sexual Acts
buttbang,Sexual Anatomy/Sexual Acts
titty,Sexual Anatomy/Sexual Acts
kock,Sexual Anatomy/Sexual Acts
pussyfucker,Sexual Anatomy/Sexual Acts
ejaculated,Sexual Anatomy/Sexual Acts
fucck,Sexual Anatomy/Sexual Acts
cocklover,Sexual Anatomy/Sexual Acts
assblaster,Sexual Anatomy/Sexual Acts
bazooms,Sexual Anatomy/Sexual Acts
fuckfreak,Sexual Anatomy/Sexual Acts
cuntsucker,Sexual Anatomy/Sexual Acts
fingerfucked,Sexual Anatomy/Sexual Acts
mastabater,Sexual Anatomy/Sexual Acts
group sex,Sexual Anatomy/Sexual Acts
nook,Sexual Anatomy/Sexual Acts
asscowboy,Sexual Anatomy/Sexual Acts
bazongas,Sexual Anatomy/Sexual Acts
cockblocker,Sexual Anatomy/Sexual Acts
bugger,Sexual Anatomy/Sexual Acts
bugger off,Sexual Anatomy/Sexual Acts
buggered,Sexual Anatomy/Sexual Acts
nudger,Sexual Anatomy/Sexual Acts
choad,Sexual Anatomy/Sexual Acts
fingerfucking,Sexual Anatomy/Sexual Acts
livesex,Sexual Anatomy/Sexual Acts
cocknob,Sexual Anatomy/Sexual Acts
figging,Sexual Anatomy/Sexual Acts
fuckfest,Sexual Anatomy/Sexual Acts
hottotrot,Sexual Anatomy/Sexual Acts
kinbaku,Sexual Anatomy/Sexual Acts
sexhouse,Sexual Anatomy/Sexual Acts
analsex,Sexual Anatomy/Sexual Acts
suckmydick,Sexual Anatomy/Sexual Acts
dolcett,Sexual Anatomy/Sexual Acts
ejaculating,Sexual Anatomy/Sexual Acts
eatpussy,Sexual Anatomy/Sexual Acts
givehead,Sexual Anatomy/Sexual Acts
phukking,Sexual Anatomy/Sexual Acts
hooker,Sexual Anatomy/Sexual Acts
fuckyou,Sexual Anatomy/Sexual Acts
feltching,Sexual Anatomy/Sexual Acts
dog style,Sexual Anatomy/Sexual Acts
yiffy,Sexual Anatomy/Sexual Acts
breastlover,Sexual Anatomy/Sexual Acts
pocketpool,Sexual Anatomy/Sexual Acts
lovemuscle,Sexual Anatomy/Sexual Acts
sodomy,Sexual Anatomy/Sexual Acts
coprophilia,Sexual Anatomy/Sexual Acts
boob,Sexual Anatomy/Sexual Acts
breast,Sexual Anatomy/Sexual Acts
bumblefuck,Sexual Anatomy/Sexual Acts
uptheass,Sexual Anatomy/Sexual Acts
sexing,Sexual Anatomy/Sexual Acts
virginbreaker,Sexual Anatomy/Sexual Acts
testicle,Sexual Anatomy/Sexual Acts
ball sucking,Sexual Anatomy/Sexual Acts
pubic,Sexual Anatomy/Sexual Acts
titfuckin,Sexual Anatomy/Sexual Acts
assklown,Sexual Anatomy/Sexual Acts
cocky,Sexual Anatomy/Sexual Acts
unfuckable,Sexual Anatomy/Sexual Acts
bestiality,Sexual Anatomy/Sexual Acts
alabama hot pocket,Sexual Anatomy/Sexual Acts
alaskan pipeline,Sexual Anatomy/Sexual Acts
bangbus,Sexual Anatomy/Sexual Acts
blow your load,Sexual Anatomy/Sexual Acts
dendrophilia,Sexual Anatomy/Sexual Acts
dvda,Sexual Anatomy/Sexual Acts
fingerbang,Sexual Anatomy/Sexual Acts
hot carl,Sexual Anatomy/Sexual Acts
masturbation,Sexual Anatomy/Sexual Acts
punany,Sexual Anatomy/Sexual Acts
sexcam,Sexual Anatomy/Sexual Acts
splooge,Sexual Anatomy/Sexual Acts
splooge moose,Sexual Anatomy/Sexual Acts
voyeurweb,Sexual Anatomy/Sexual Acts
voyuer,Sexual Anatomy/Sexual Acts
worldsex,Sexual Anatomy/Sexual Acts
5h17,Bodily Excretions
5h1t,Bodily Excretions
ape shit,Bodily Excretions
ape shite,Bodily Excretions
apeshit,Bodily Excretions
apeshite,Bodily Excretions
baby batter,Bodily Excretions
batshit,Bodily Excretions
batshite,Bodily Excretions
bonk juice,Bodily Excretions
bull shit,Bodily Excretions
bullshi,Bodily Excretions
bullshit,Bodily Excretions
bullshite,Bodily Excretions
caca,Bodily Excretions
choad nectar,Bodily Excretions
cock droplets,Bodily Excretions
cum goon,Bodily Excretions
cumball,Bodily Excretions
cumdumpster,Bodily Excretions
cumming,Bodily Excretions
cums,Bodily Excretions
cumslut,Bodily Excretions
cumz,Bodily Excretions
dipsh1t,Bodily Excretions
dipsh1tty,Bodily Excretions
dipshat,Bodily Excretions
dipshidiot,Bodily Excretions
dipshit,Bodily Excretions
dipshite,Bodily Excretions
dipshits,Bodily Excretions
dipshitter,Bodily Excretions
dipshitty,Bodily Excretions
dog shit,Bodily Excretions
dogsh1t,Bodily Excretions
dogsh1ts,Bodily Excretions
dogshit,Bodily Excretions
dogshits,Bodily Excretions
dumbshit,Bodily Excretions
dump a load,Bodily Excretions
erectoplasm,Bodily Excretions
full of shit,Bodily Excretions
gobshite,Bodily Excretions
horse shit,Bodily Excretions
horseshit,Bodily Excretions
jizz,Bodily Excretions
jizz eater,Bodily Excretions
jizz licker,Bodily Excretions
jizz-jockey,Bodily Excretions
jizzbags,Bodily Excretions
jizzed,Bodily Excretions
jizzes,Bodily Excretions
jizzfucker,Bodily Excretions
jizzing,Bodily Excretions
jizzsacks,Bodily Excretions
jizzstain,Bodily Excretions
jizzy,Bodily Excretions
man chowder,Bodily Excretions
man seed,Bodily Excretions
nut butter,Bodily Excretions
pigshit,Bodily Excretions
piss face,Bodily Excretions
piss off fuckhead,Bodily Excretions
piss shit,Bodily Excretions
pissoff,Bodily Excretions
pissoffs,Bodily Excretions
s_h_i_,Bodily Excretions
s_h_i_s,Bodily Excretions
s/h/i/t,Bodily Excretions
sh! +,Bodily Excretions
sh!+,Bodily Excretions
sh1s,Bodily Excretions
sh1t,Bodily Excretions
sh1t3,Bodily Excretions
sh1td1ck,Bodily Excretions
sh1tdick,Bodily Excretions
sh1te,Bodily Excretions
sh1tfuck,Bodily Excretions
sh1th3ad,Bodily Excretions
sh1theads,Bodily Excretions
sh1ts,Bodily Excretions
sh1tsome,Bodily Excretions
sh1tt,Bodily Excretions
sh1tty,Bodily Excretions
shat,Bodily Excretions
sheeeet,Bodily Excretions
sheet,Bodily Excretions
sheister,Bodily Excretions
shet,Bodily Excretions
shi+,Bodily Excretions
shi+e,Bodily Excretions
shi+y,Bodily Excretions
shiat,Bodily Excretions
shiddick,Bodily Excretions
shiester,Bodily Excretions
shiesterfuck,Bodily Excretions
shiesterfuckface,Bodily Excretions
shiesterfuckhead,Bodily Excretions
shiesterfucks,Bodily Excretions
shipdit,Bodily Excretions
shit,Bodily Excretions
shit face,Bodily Excretions
shit for brains,Bodily Excretions
shit fuck,Bodily Excretions
shit fucker,Bodily Excretions
shit head,Bodily Excretions
shit licker,Bodily Excretions
shit stain,Bodily Excretions
shit-arse,Bodily Excretions
shit-ass,Bodily Excretions
shit-bandit,Bodily Excretions
shit-fucker,Bodily Excretions
shit-stuffers,Bodily Excretions
shit3,Bodily Excretions
shitass,Bodily Excretions
shitasses,Bodily Excretions
shitassfucker,Bodily Excretions
shitassfuckface,Bodily Excretions
shitbag,Bodily Excretions
shitbird,Bodily Excretions
shitblimp,Bodily Excretions
shitblimps,Bodily Excretions
shitbrain,Bodily Excretions
shitd1ck,Bodily Excretions
shitdick,Bodily Excretions
shitdicks,Bodily Excretions
shitdikk,Bodily Excretions
shitdip,Bodily Excretions
shite,Bodily Excretions
shiteblimps,Bodily Excretions
shited,Bodily Excretions
shitedick,Bodily Excretions
shitefuck,Bodily Excretions
shitefulls,Bodily Excretions
shitehead,Bodily Excretions
shites,Bodily Excretions
shitey,Bodily Excretions
shitface,Bodily Excretions
shitfaced,Bodily Excretions
shitfacefuck,Bodily Excretions
shitfacefucker,Bodily Excretions
shitfck,Bodily Excretions
shitfk,Bodily Excretions
shitfreak,Bodily Excretions
shitfuck,Bodily Excretions
shitfucker,Bodily Excretions
shitfuckhead,Bodily Excretions
shitfuckmotherfucker,Bodily Excretions
shitfucks,Bodily Excretions
shitfudgefucker,Bodily Excretions
shitfvck,Bodily Excretions
shithead,Bodily Excretions
shitheadfucker,Bodily Excretions
shitheadfuckface,Bodily Excretions
shitheads,Bodily Excretions
shithole,Bodily Excretions
shits,Bodily Excretions
shitsdick,Bodily Excretions
shitsfuck,Bodily Excretions
shitsful,Bodily Excretions
shittastic,Bodily Excretions
shittasticfuck,Bodily Excretions
shitte,Bodily Excretions
shitted,Bodily Excretions
shitter,Bodily Excretions
shitterfucker,Bodily Excretions
shitti,Bodily Excretions
shitties,Bodily Excretions
shittiest,Bodily Excretions
shitting,Bodily Excretions
shittings,Bodily Excretions
shitty,Bodily Excretions
shitty mofoes,Bodily Excretions
shittydick,Bodily Excretions
shittydicks,Bodily Excretions
shittyfuck,Bodily Excretions
shittyfuckface,Bodily Excretions
shittyful,Bodily Excretions
shytfeisterfuck,Bodily Excretions
sperm,Bodily Excretions
spunk,Bodily Excretions
taking the piss,Bodily Excretions
throat yogurt,Bodily Excretions
turdcutter,Bodily Excretions
turdhead,Bodily Excretions
queaf,Bodily Excretions
urine,Bodily Excretions
whit,Bodily Excretions
pissed,Bodily Excretions
pee,Bodily Excretions
piss,Bodily Excretions
jizzim,Bodily Excretions
cum,Bodily Excretions
jackshit,Bodily Excretions
doo-doo,Bodily Excretions
urinary,Bodily Excretions
cumm,Bodily Excretions
piss pig,Bodily Excretions
pooping,Bodily Excretions
fecal,Bodily Excretions
lovejuice,Bodily Excretions
jism,Bodily Excretions
shitforbrains,Bodily Excretions
krappy,Bodily Excretions
pisshead,Bodily Excretions
cumbubble,Bodily Excretions
shitola,Bodily Excretions
fart,Bodily Excretions
teat,Bodily Excretions
boobies,Bodily Excretions
spooge,Bodily Excretions
cumfest,Bodily Excretions
cummer,Bodily Excretions
queef,Bodily Excretions
female squirting,Bodily Excretions
pisses,Bodily Excretions
poo,Bodily Excretions
bullcrap,Bodily Excretions
pissin,Bodily Excretions
cumjockey,Bodily Excretions
lovegoo,Bodily Excretions
shithapens,Bodily Excretions
shitfit,Bodily Excretions
turd,Bodily Excretions
pisser,Bodily Excretions
asslicker,Bodily Excretions
spermacide,Bodily Excretions
kumbubble,Bodily Excretions
pissing,Bodily Excretions
goldenshower,Bodily Excretions
crapola,Bodily Excretions
urinate,Bodily Excretions
kumming,Bodily Excretions
reestie,Bodily Excretions
shhit,Bodily Excretions
scat,Bodily Excretions
manpaste,Bodily Excretions
male squirting,Bodily Excretions
shiting,Bodily Excretions
golden shower,Bodily Excretions
cumshot,Bodily Excretions
doodoo,Bodily Excretions
weewee,Bodily Excretions
shithouse,Bodily Excretions
farting,Bodily Excretions
shitfull,Bodily Excretions
cunteyed,Bodily Excretions
brown showers,Bodily Excretions
spermbag,Bodily Excretions
omorashi,Bodily Excretions
pooperscooper,Bodily Excretions
faeces,Bodily Excretions
shitlist,Bodily Excretions
crapper,Bodily Excretions
semen,Bodily Excretions
pi55,Bodily Excretions
farty,Bodily Excretions
goodpoop,Bodily Excretions
shitcan,Bodily Excretions
shitoutofluck,Bodily Excretions
jizzum,Bodily Excretions
poop,Bodily Excretions
yellow showers,Bodily Excretions
crap,Bodily Excretions
kums,Bodily Excretions
farted,Bodily Excretions
kummer,Bodily Excretions
ball gravy,Bodily Excretions
pee-pee,Bodily Excretions
krap,Bodily Excretions
piece of shit,Bodily Excretions
spermhearder,Bodily Excretions
spermherder,Bodily Excretions
dingleberry,Bodily Excretions
shithappens,Bodily Excretions
fckcum,Bodily Excretions
jiz,Bodily Excretions
jizim,Bodily Excretions
kum,Bodily Excretions
shiteater,Bodily Excretions
crappy,Bodily Excretions
feces,Bodily Excretions
pisspig,Bodily Excretions
jizjuice,Bodily Excretions
shitstain,Bodily Excretions
jizm,Bodily Excretions
baby juice,Bodily Excretions
cumshots,Bodily Excretions
dingleberries,Bodily Excretions
santorum,Bodily Excretions
fcktard,Mental/Physical Attributes
fucking retard,Mental/Physical Attributes
fugly,Mental/Physical Attributes
fukwit,Mental/Physical Attributes
ja!lbait,Mental/Physical Attributes
ja1lbait,Mental/Physical Attributes
jailba!t,Mental/Physical Attributes
jailbait,Mental/Physical Attributes
r3t@rd,Mental/Physical Attributes
r3t@rded,Mental/Physical Attributes
r3tard,Mental/Physical Attributes
retard,Mental/Physical Attributes
retardo,Mental/Physical Attributes
retardotron,Mental/Physical Attributes
tard,Mental/Physical Attributes
tard asses,Mental/Physical Attributes
tart,Mental/Physical Attributes
herpes,Mental/Physical Attributes
noonan,Mental/Physical Attributes
retarded,Mental/Physical Attributes
boang,Mental/Physical Attributes
spastic,Mental/Physical Attributes
5kank,Sexual Orientation/Gender
b to the inch,Sexual Orientation/Gender
btch,Sexual Orientation/Gender
b1+ch,Sexual Orientation/Gender
b17ch,Sexual Orientation/Gender
b1otch,Sexual Orientation/Gender
b1otchs,Sexual Orientation/Gender
b1tch,Sexual Orientation/Gender
b1tch1ng,Sexual Orientation/Gender
b1tchin,Sexual Orientation/Gender
b1tching,Sexual Orientation/Gender
b1tch35,Sexual Orientation/Gender
b1tch3s,Sexual Orientation/Gender
b1tchees,Sexual Orientation/Gender
b1tches,Sexual Orientation/Gender
b1tchez,Sexual Orientation/Gender
b1tchs,Sexual Orientation/Gender
b1tchy,Sexual Orientation/Gender
beeotch,Sexual Orientation/Gender
bender,Sexual Orientation/Gender
beyoch,Sexual Orientation/Gender
beyotch,Sexual Orientation/Gender
bi + ch,Sexual Orientation/Gender
bi+ch,Sexual Orientation/Gender
biatch,Sexual Orientation/Gender
biches,Sexual Orientation/Gender
biotch,Sexual Orientation/Gender
biotches,Sexual Orientation/Gender
biotchez,Sexual Orientation/Gender
bishes,Sexual Orientation/Gender
bitch,Sexual Orientation/Gender
bitch3s,Sexual Orientation/Gender
bitchass,Sexual Orientation/Gender
bitchasses,Sexual Orientation/Gender
bitched,Sexual Orientation/Gender
bitcher,Sexual Orientation/Gender
bitchers,Sexual Orientation/Gender
bitches,Sexual Orientation/Gender
bitchez,Sexual Orientation/Gender
bitchfuck,Sexual Orientation/Gender
bitchhole,Sexual Orientation/Gender
bitchin,Sexual Orientation/Gender
bitchin',Sexual Orientation/Gender
bitching,Sexual Orientation/Gender
bitchlike,Sexual Orientation/Gender
bitchness,Sexual Orientation/Gender
bitchs,Sexual Orientation/Gender
bitchslap,Sexual Orientation/Gender
bitchtits,Sexual Orientation/Gender
bitchy,Sexual Orientation/Gender
bitchy ass,Sexual Orientation/Gender
bizzach,Sexual Orientation/Gender
closet fuckhead,Sexual Orientation/Gender
crazy sob,Sexual Orientation/Gender
dyke,Sexual Orientation/Gender
f@g,Sexual Orientation/Gender
f@gg0t,Sexual Orientation/Gender
f@gging,Sexual Orientation/Gender
f@ggot,Sexual Orientation/Gender
f@gs,Sexual Orientation/Gender
f@gshit,Sexual Orientation/Gender
fag,Sexual Orientation/Gender
fag asses,Sexual Orientation/Gender
fag bag,Sexual Orientation/Gender
fag hag,Sexual Orientation/Gender
fag queen,Sexual Orientation/Gender
fag0t,Sexual Orientation/Gender
faget,Sexual Orientation/Gender
fagg0t,Sexual Orientation/Gender
fagging,Sexual Orientation/Gender
faggo,Sexual Orientation/Gender
faggot,Sexual Orientation/Gender
faggot mofoes,Sexual Orientation/Gender
faggot mothafuckers,Sexual Orientation/Gender
faggot nob jokeys,Sexual Orientation/Gender
faggot nobjockies,Sexual Orientation/Gender
faggot son-of-a-bitch,Sexual Orientation/Gender
faggoting,Sexual Orientation/Gender
faggots,Sexual Orientation/Gender
faggs,Sexual Orientation/Gender
faggy,Sexual Orientation/Gender
fagot,Sexual Orientation/Gender
fags,Sexual Orientation/Gender
fagshit,Sexual Orientation/Gender
feg,Sexual Orientation/Gender
flamer,Sexual Orientation/Gender
flamers,Sexual Orientation/Gender
g@y b1tch,Sexual Orientation/Gender
g@ylord,Sexual Orientation/Gender
g@yshit,Sexual Orientation/Gender
gay ass,Sexual Orientation/Gender
gay bitch,Sexual Orientation/Gender
gay fuck,Sexual Orientation/Gender
gay fucker,Sexual Orientation/Gender
gay shit,Sexual Orientation/Gender
gay wad,Sexual Orientation/Gender
gayest,Sexual Orientation/Gender
gaylord,Sexual Orientation/Gender
gaylords,Sexual Orientation/Gender
gayness,Sexual Orientation/Gender
gaysian,Sexual Orientation/Gender
gaytard,Sexual Orientation/Gender
geebag,Sexual Orientation/Gender
girlieboy,Sexual Orientation/Gender
girlyboy,Sexual Orientation/Gender
goddamn son of a bitch,Sexual Orientation/Gender
goddamn son-of-a-bitch,Sexual Orientation/Gender
hoar,Sexual Orientation/Gender
hoe,Sexual Orientation/Gender
hoe-asses,Sexual Orientation/Gender
hoebag,Sexual Orientation/Gender
hoes,Sexual Orientation/Gender
homo,Sexual Orientation/Gender
homo asses,Sexual Orientation/Gender
homos,Sexual Orientation/Gender
l@dyb0i,Sexual Orientation/Gender
l@dyb0y,Sexual Orientation/Gender
l@dyboy,Sexual Orientation/Gender
l3i + ch,Sexual Orientation/Gender
l3i+ch,Sexual Orientation/Gender
l3itch,Sexual Orientation/Gender
l3itches,Sexual Orientation/Gender
ladboys,Sexual Orientation/Gender
ladboyz,Sexual Orientation/Gender
ladiboy,Sexual Orientation/Gender
lady-boy,Sexual Orientation/Gender
ladyb0i,Sexual Orientation/Gender
ladyb0y,Sexual Orientation/Gender
ladyboy,Sexual Orientation/Gender
ladyboys,Sexual Orientation/Gender
ladyboyz,Sexual Orientation/Gender
lesbo,Sexual Orientation/Gender
loose woman,Sexual Orientation/Gender
mecha fag,Sexual Orientation/Gender
mega fag,Sexual Orientation/Gender
milf,Sexual Orientation/Gender
nympho,Sexual Orientation/Gender
nymphomaniac,Sexual Orientation/Gender
peter,Sexual Orientation/Gender
peter puffer,Sexual Orientation/Gender
ph@ggots,Sexual Orientation/Gender
phaggot,Sexual Orientation/Gender
phaggots,Sexual Orientation/Gender
phagot,Sexual Orientation/Gender
phags,Sexual Orientation/Gender
pillow biter,Sexual Orientation/Gender
pillow-biter,Sexual Orientation/Gender
pole licker,Sexual Orientation/Gender
pole smoker,Sexual Orientation/Gender
pole sucker,Sexual Orientation/Gender
polesmoker,Sexual Orientation/Gender
queerasses,Sexual Orientation/Gender
queers,Sexual Orientation/Gender
s-lut,Sexual Orientation/Gender
s.o.b.,Sexual Orientation/Gender
s.o.b.s,Sexual Orientation/Gender
sh3mal3,Sexual Orientation/Gender
sh3male,Sexual Orientation/Gender
she-male,Sexual Orientation/Gender
shemal3,Sexual Orientation/Gender
shemale,Sexual Orientation/Gender
shemales,Sexual Orientation/Gender
shmale,Sexual Orientation/Gender
sissy,Sexual Orientation/Gender
sk@nks,Sexual Orientation/Gender
sk@nky,Sexual Orientation/Gender
sk@nkz,Sexual Orientation/Gender
skank,Sexual Orientation/Gender
skanks,Sexual Orientation/Gender
skanky,Sexual Orientation/Gender
skankz,Sexual Orientation/Gender
slag,Sexual Orientation/Gender
slit,Sexual Orientation/Gender
slut,Sexual Orientation/Gender
sluts,Sexual Orientation/Gender
slutty,Sexual Orientation/Gender
soab,Sexual Orientation/Gender
son o bitch,Sexual Orientation/Gender
son of a bitch,Sexual Orientation/Gender
son-of-a-bitch,Sexual Orientation/Gender
sonna bitch,Sexual Orientation/Gender
sonofabitch,Sexual Orientation/Gender
sonofbitches,Sexual Orientation/Gender
sons of b1tches,Sexual Orientation/Gender
sons of bitches,Sexual Orientation/Gender
sons-of-bitches,Sexual Orientation/Gender
sonz of bitchez,Sexual Orientation/Gender
stupid hoe,Sexual Orientation/Gender
sum of a bitch,Sexual Orientation/Gender
sumbitch,Sexual Orientation/Gender
tramp,Sexual Orientation/Gender
transvestite,Sexual Orientation/Gender
trashb1tch,Sexual Orientation/Gender
trashbitch,Sexual Orientation/Gender
trashbitches,Sexual Orientation/Gender
trashbitchez,Sexual Orientation/Gender
trashbtch,Sexual Orientation/Gender
trasherbitch,Sexual Orientation/Gender
trasherbitchs,Sexual Orientation/Gender
trashybitches,Sexual Orientation/Gender
twink,Sexual Orientation/Gender
wh0r3,Sexual Orientation/Gender
wh0re,Sexual Orientation/Gender
whoar,Sexual Orientation/Gender
whoars,Sexual Orientation/Gender
whor3,Sexual Orientation/Gender
whore,Sexual Orientation/Gender
whores,Sexual Orientation/Gender
tranny,Sexual Orientation/Gender
alla,Sexual Orientation/Gender
tonguetramp,Sexual Orientation/Gender
cunn,Sexual Orientation/Gender
camgirl,Sexual Orientation/Gender
ho,Sexual Orientation/Gender
slapper,Sexual Orientation/Gender
blonde action,Sexual Orientation/Gender
lemon party,Sexual Orientation/Gender
lesbayn,Sexual Orientation/Gender
crackwhore,Sexual Orientation/Gender
nimphomania,Sexual Orientation/Gender
nookey,Sexual Orientation/Gender
dixiedyke,Sexual Orientation/Gender
nastyslut,Sexual Orientation/Gender
lezbe,Sexual Orientation/Gender
lezbo,Sexual Orientation/Gender
trannie,Sexual Orientation/Gender
slutt,Sexual Orientation/Gender
pansy,Sexual Orientation/Gender
twinkie,Sexual Orientation/Gender
gay,Sexual Orientation/Gender
slutwhore,Sexual Orientation/Gender
dumbbitch,Sexual Orientation/Gender
butchdyke,Sexual Orientation/Gender
butchbabes,Sexual Orientation/Gender
lezz,Sexual Orientation/Gender
cockqueen,Sexual Orientation/Gender
holestuffer,Sexual Orientation/Gender
cumqueen,Sexual Orientation/Gender
easyslut,Sexual Orientation/Gender
sexwhore,Sexual Orientation/Gender
bulldyke,Sexual Orientation/Gender
gaymuthafuckinwhore,Sexual Orientation/Gender
asswhore,Sexual Orientation/Gender
skankybitch,Sexual Orientation/Gender
nastywhore,Sexual Orientation/Gender
fuckingbitch,Sexual Orientation/Gender
skankwhore,Sexual Orientation/Gender
lez,Sexual Orientation/Gender
clamdiver,Sexual Orientation/Gender
pansies,Sexual Orientation/Gender
skankbitch,Sexual Orientation/Gender
goy,Sexual Orientation/Gender
dixiedike,Sexual Orientation/Gender
sonofbitch,Sexual Orientation/Gender
hore,Sexual Orientation/Gender
lezzo,Sexual Orientation/Gender
skankfuck,Sexual Orientation/Gender
bulldike,Sexual Orientation/Gender
futanari,Sexual Orientation/Gender
goo girl,Sexual Orientation/Gender
nastyho,Sexual Orientation/Gender
gay sex,Sexual Orientation/Gender
manhater,Sexual Orientation/Gender
yaoi,Sexual Orientation/Gender
gaysex,Sexual Orientation/Gender
nymphomania,Sexual Orientation/Gender
assjockey,Sexual Orientation/Gender
butchdike,Sexual Orientation/Gender
slutwear,Sexual Orientation/Gender
homobangers,Sexual Orientation/Gender
camwhore,Sexual Orientation/Gender
bimbos,Sexual Orientation/Gender
slutting,Sexual Orientation/Gender
nastybitch,Sexual Orientation/Gender
pornprincess,Sexual Orientation/Gender
whorehouse,Sexual Orientation/Gender
byatch,Sexual Orientation/Gender
dike,Sexual Orientation/Gender
crack-whore,Sexual Orientation/Gender
ethical slut,Sexual Orientation/Gender
skankywhore,Sexual Orientation/Gender
twobitwhore,Sexual Orientation/Gender
hussy,Sexual Orientation/Gender
lesbain,Sexual Orientation/Gender
camslut,Sexual Orientation/Gender
jail bait,Sexual Orientation/Gender
g0ddamn,Religion
g0ddamned,Religion
g0ddamnit,Religion
god dammit,Religion
god damn,Religion
god damn it,Religion
god damned,Religion
god damnit,Religion
god-dam,Religion
god-damned,Religion
godamnit,Religion
godd@amn,Religion
godd@mnit,Religion
goddammit,Religion
goddamn,Religion
goddamned,Religion
goddamnit,Religion
sixsixsix,Religion
devilworshipper,Religion
goddamit,Religion
jebus,Religion
geez,Religion
damnation,Religion
jeez,Religion
goddamnes,Religion
gotohell,Religion
godammit,Religion
abbie,Ethnicity/Race
abeed,Ethnicity/Race
aboe,Ethnicity/Race
bean queen,Ethnicity/Race
beaner,Ethnicity/Race
beaners,Ethnicity/Race
blacky,Ethnicity/Race
buttermilk,Ethnicity/Race
c00n,Ethnicity/Race
c00nies,Ethnicity/Race
Camel jockey,Ethnicity/Race
ch1nk,Ethnicity/Race
china-virus,Ethnicity/Race
chinavirus,Ethnicity/Race
chinese-virus,Ethnicity/Race
chingchong,Ethnicity/Race
chink,Ethnicity/Race
chinky,Ethnicity/Race
cholo,Ethnicity/Race
coolie,Ethnicity/Race
coon,Ethnicity/Race
coon1es,Ethnicity/Race
cooni3s,Ethnicity/Race
coonie,Ethnicity/Race
coonies,Ethnicity/Race
coons,Ethnicity/Race
cotton picker,Ethnicity/Race
crow,Ethnicity/Race
crows,Ethnicity/Race
dago,Ethnicity/Race
darkass,Ethnicity/Race
darkfuck,Ethnicity/Race
darkie,Ethnicity/Race
darkshit,Ethnicity/Race
darktard,Ethnicity/Race
darky,Ethnicity/Race
dothead,Ethnicity/Race
dune coon,Ethnicity/Race
gook,Ethnicity/Race
greaser,Ethnicity/Race
groid,Ethnicity/Race
gyp,Ethnicity/Race
heeb,Ethnicity/Race
higg@,Ethnicity/Race
higg3r,Ethnicity/Race
higga,Ethnicity/Race
higger,Ethnicity/Race
higgers,Ethnicity/Race
injun,Ethnicity/Race
jap,Ethnicity/Race
jewboy,Ethnicity/Race
jigaboo,Ethnicity/Race
jigaboos,Ethnicity/Race
jigga,Ethnicity/Race
jiggaboo,Ethnicity/Race
jiggabooboo,Ethnicity/Race
jiggaboos,Ethnicity/Race
jiggabu,Ethnicity/Race
jiggas,Ethnicity/Race
jigger,Ethnicity/Race
jiggerboo,Ethnicity/Race
jiggerboos,Ethnicity/Race
jiggs,Ethnicity/Race
jiggyboo,Ethnicity/Race
jigro,Ethnicity/Race
jim crow,Ethnicity/Race
k!k3,Ethnicity/Race
k!ke,Ethnicity/Race
k..!ke,Ethnicity/Race
k1k3,Ethnicity/Race
k1ke,Ethnicity/Race
kike,Ethnicity/Race
kikes,Ethnicity/Race
kkk,Ethnicity/Race
klan,Ethnicity/Race
kneegrows,Ethnicity/Race
knickers,Ethnicity/Race
ku kluxer,Ethnicity/Race
kyke,Ethnicity/Race
m0ng0l0id,Ethnicity/Race
m0ngoloid,Ethnicity/Race
mong,Ethnicity/Race
mongoloid,Ethnicity/Race
mongrel,Ethnicity/Race
n1ckker,Ethnicity/Race
n1g3r,Ethnicity/Race
n1g3rz,Ethnicity/Race
n1gg@,Ethnicity/Race
n1gg@hs,Ethnicity/Race
n1gg3r,Ethnicity/Race
n1gg3rs,Ethnicity/Race
n1gga,Ethnicity/Race
n1ggah,Ethnicity/Race
n1ggahs,Ethnicity/Race
n1ggas,Ethnicity/Race
n1ggazes,Ethnicity/Race
n1gger,Ethnicity/Race
n1ggers,Ethnicity/Race
n1gguh,Ethnicity/Race
n3gro,Ethnicity/Race
negga,Ethnicity/Race
neggar,Ethnicity/Race
negr0,Ethnicity/Race
negro,Ethnicity/Race
negroes,Ethnicity/Race
negroid,Ethnicity/Race
niccer,Ethnicity/Race
nicka,Ethnicity/Race
nickas,Ethnicity/Race
nicker,Ethnicity/Race
nickk3r,Ethnicity/Race
nickker,Ethnicity/Race
nig,Ethnicity/Race
nig-nog,Ethnicity/Race
niga,Ethnicity/Race
nigah,Ethnicity/Race
nigasses,Ethnicity/Race
nigers,Ethnicity/Race
nigg@,Ethnicity/Race
nigg@hs,Ethnicity/Race
nigg@s,Ethnicity/Race
nigg@z,Ethnicity/Race
nigg@zzes,Ethnicity/Race
nigg3r,Ethnicity/Race
nigg3rs,Ethnicity/Race
nigg4h,Ethnicity/Race
nigg4hs,Ethnicity/Race
nigga,Ethnicity/Race
nigga lover,Ethnicity/Race
niggah,Ethnicity/Race
niggahs,Ethnicity/Race
niggahz,Ethnicity/Race
niggas,Ethnicity/Race
niggass,Ethnicity/Race
niggaz,Ethnicity/Race
niggazzes,Ethnicity/Race
nigger,Ethnicity/Race
nigger lover,Ethnicity/Race
niggers,Ethnicity/Race
niggerz,Ethnicity/Race
niggir,Ethnicity/Race
niggress,Ethnicity/Race
nigguh,Ethnicity/Race
nigguhs,Ethnicity/Race
nigguhz,Ethnicity/Race
niglet,Ethnicity/Race
nignigs,Ethnicity/Race
nignog,Ethnicity/Race
nigra,Ethnicity/Race
nigre,Ethnicity/Race
nigs,Ethnicity/Race
niguh,Ethnicity/Race
nikk3r,Ethnicity/Race
nikkas,Ethnicity/Race
nikker,Ethnicity/Race
nuckas,Ethnicity/Race
nuggets,Ethnicity/Race
oven dodger,Ethnicity/Race
paki,Ethnicity/Race
pancake face,Ethnicity/Race
porch monkey,Ethnicity/Race
raghead,Ethnicity/Race
ragheads,Ethnicity/Race
ragtard,Ethnicity/Race
redskin,Ethnicity/Race
rice monkey,Ethnicity/Race
sambo,Ethnicity/Race
sand nigger,Ethnicity/Race
shylock,Ethnicity/Race
sl@nteye,Ethnicity/Race
slantard,Ethnicity/Race
slanteye,Ethnicity/Race
slanteye b1tch,Ethnicity/Race
slanteyes,Ethnicity/Race
slanteyeshit,Ethnicity/Race
slantfreak,Ethnicity/Race
slanty,Ethnicity/Race
spic,Ethnicity/Race
spicfuck,Ethnicity/Race
spick,Ethnicity/Race
spics,Ethnicity/Race
spicshit,Ethnicity/Race
spig,Ethnicity/Race
spik,Ethnicity/Race
spix,Ethnicity/Race
spook,Ethnicity/Race
spooks,Ethnicity/Race
tacohead,Ethnicity/Race
tar-baby,Ethnicity/Race
timber nigger,Ethnicity/Race
towelhead,Ethnicity/Race
towelheads,Ethnicity/Race
towelshithead,Ethnicity/Race
we1back,Ethnicity/Race
wet back,Ethnicity/Race
wetback,Ethnicity/Race
wetbacks,Ethnicity/Race
wigger,Ethnicity/Race
wop,Ethnicity/Race
wophead,Ethnicity/Race
zip in the wire,Ethnicity/Race
zipperhead,Ethnicity/Race
whitetrash,Ethnicity/Race
jiggabo,Ethnicity/Race
popimp,Ethnicity/Race
hamas,Ethnicity/Race
niggled,Ethnicity/Race
niggling,Ethnicity/Race
nlggor,Ethnicity/Race
slant,Ethnicity/Race
spaghettinigger,Ethnicity/Race
gubba,Ethnicity/Race
niggur,Ethnicity/Race
koon,Ethnicity/Race
jijjiboo,Ethnicity/Race
kraut,Ethnicity/Race
spigotty,Ethnicity/Race
dink,Ethnicity/Race
clogwog,Ethnicity/Race
whitey,Ethnicity/Race
limey,Ethnicity/Race
nlgger,Ethnicity/Race
junglebunny,Ethnicity/Race
cooly,Ethnicity/Race
gipp,Ethnicity/Race
niggardly,Ethnicity/Race
jimfish,Ethnicity/Race
jigg,Ethnicity/Race
gatorbait,Ethnicity/Race
ikey,Ethnicity/Race
zigabo,Ethnicity/Race
kafir,Ethnicity/Race
niggardliness,Ethnicity/Race
nigr,Ethnicity/Race
sandnigger,Ethnicity/Race
rabbi,Ethnicity/Race
gypp,Ethnicity/Race
peckerwood,Ethnicity/Race
niggerhole,Ethnicity/Race
niggard,Ethnicity/Race
pommie,Ethnicity/Race
snownigger,Ethnicity/Race
palesimian,Ethnicity/Race
kaffir,Ethnicity/Race
mocky,Ethnicity/Race
nigg,Ethnicity/Race
jiggy,Ethnicity/Race
alligatorbait,Ethnicity/Race
goyim,Ethnicity/Race
bohunk,Ethnicity/Race
wog,Ethnicity/Race
niggles,Ethnicity/Race
seppo,Ethnicity/Race
white power,Ethnicity/Race
coondog,Ethnicity/Race
mockie,Ethnicity/Race
dego,Ethnicity/Race
pohm,Ethnicity/Race
kigger,Ethnicity/Race
japcrap,Ethnicity/Race
abo,Ethnicity/Race
niggerhead,Ethnicity/Race
argie,Ethnicity/Race
redneck,Ethnicity/Race
jiga,Ethnicity/Race
hindoo,Ethnicity/Race
hebe,Ethnicity/Race
pommy,Ethnicity/Race
chinamen,Ethnicity/Race
pickaninny,Ethnicity/Race
fatah,Ethnicity/Race
mosshead,Ethnicity/Race
mockey,Ethnicity/Race
whop,Ethnicity/Race
niggarding,Ethnicity/Race
pocho,Ethnicity/Race
ginzo,Ethnicity/Race
yankee,Ethnicity/Race
piky,Ethnicity/Race
pikey,Ethnicity/Race
wetb,Ethnicity/Race
nig nog,Ethnicity/Race
snowback,Ethnicity/Race
niggle,Ethnicity/Race
timbernigger,Ethnicity/Race
picaninny,Ethnicity/Race
yellowman,Ethnicity/Race
sheeney,Ethnicity/Race
cameljockey,Ethnicity/Race
lugan,Ethnicity/Race
russkie,Ethnicity/Race
payo,Ethnicity/Race
honkey,Ethnicity/Race
moky,Ethnicity/Race
gyppie,Ethnicity/Race
cacker,Ethnicity/Race
porchmonkey,Ethnicity/Race
limy,Ethnicity/Race
negros,Ethnicity/Race
tarbaby,Ethnicity/Race
wuzzie,Ethnicity/Race
chinaman,Ethnicity/Race
niggarded,Ethnicity/Race
kaffer,Ethnicity/Race
greaseball,Ethnicity/Race
honky,Ethnicity/Race
abbo,Ethnicity/Race
gringo,Ethnicity/Race
pendy,Ethnicity/Race
niggor,Ethnicity/Race
gyppo,Ethnicity/Race
slopehead,Ethnicity/Race
mooncricket,Ethnicity/Race
spaghettibender,Ethnicity/Race
russki,Ethnicity/Race
hodgie,Ethnicity/Race
sooty,Ethnicity/Race
nigglings,Ethnicity/Race
whash,Ethnicity/Race
poorwhitetrash,Ethnicity/Race
datnigga,Ethnicity/Race
mulatto,Ethnicity/Race
wab,Ethnicity/Race
roundeye,Ethnicity/Race
kanake,Ethnicity/Race
polack,Ethnicity/Race
whitenigger,Ethnicity/Race
niger,Ethnicity/Race
squaw,Ethnicity/Race
gypo,Ethnicity/Race
niggaracci,Ethnicity/Race
munt,Ethnicity/Race
whigger,Ethnicity/Race
niggards,Ethnicity/Race
kaffre,Ethnicity/Race
boonga,Ethnicity/Race
pom,Ethnicity/Race
gyppy,Ethnicity/Race
piccaninny,Ethnicity/Race
bassturd,Class
bastard,Class
bastardish,Class
bastards,Class
basterd,Class
bastid,Class
bastinado,Class
basturd,Class
dumb bastard,Class
fucking bastard,Class
rat bastard,Class
rat baztad,Class
quashie,Class
slave,Class
trailertrash,Class
shav,Class
eunuch,Class
sexslave,Class
bigbastard,Class
bastardo,Class
chav,Class
bogan,Class
lowlife,Class
hillbillies,Class
nittit,Class
slavedriver,Class
cooties,Other
dolt,Other
doosh,Other
douche,Other
douche bag,Other
douche canoe,Other
douchebag,Other
gowl,Other
hustler,Other
j3rk,Other
nonce,Other
scummy,Other
scut,Other
swine,Other
pimp,Other
scag,Other
mickeyfinn,Other
damnit,Other
crackpipe,Other
hentai,Other
pimpjuice,Other
sucker,Other
pimpsimp,Other
sleezebag,Other
dope,Other
cyberslimer,Other
skumbag,Other
welcher,Other
scum,Other
hoser,Other
damn,Other
pimper,Other
dammit,Other
virgin,Other
pimpjuic,Other
wuss,Other
slimeball,Other
slimebucket,Other
geezer,Other
shawtypimp,Other
sleezeball,Other
skum,Other
scallywag,Other
hotdamn,Other
whacker,Other
pimped,Other
